insert into ArcherTable (ArcherID, FirstName, LastName, PhoneNumber, Street, Suburb, City, Postcode, Age, Gender) values (1, 'Rhodie', 'Rider', '3309705020', '76 Cascade Parkway', 'Ohio', 'Akron', '44310', 61, 'Non-binary');
insert into ArcherTable (ArcherID, FirstName, LastName, PhoneNumber, Street, Suburb, City, Postcode, Age, Gender) values (2, 'Teador', 'Keems', '5109040337', '035 Debs Plaza', 'California', 'Oakland', '94611', 39, 'Male');
insert into ArcherTable (ArcherID, FirstName, LastName, PhoneNumber, Street, Suburb, City, Postcode, Age, Gender) values (3, 'Marcos', 'Escoffrey', '2028489773', '63454 Starling Point', 'District of Columbia', 'Washington', '20310', 10, 'Male');
insert into ArcherTable (ArcherID, FirstName, LastName, PhoneNumber, Street, Suburb, City, Postcode, Age, Gender) values (4, 'Dewain', 'Mathes', '7274882327', '2671 Kedzie Way', 'Florida', 'Largo', '34643', 44, 'Male');
insert into ArcherTable (ArcherID, FirstName, LastName, PhoneNumber, Street, Suburb, City, Postcode, Age, Gender) values (5, 'Reinwald', 'Livermore', '3105725267', '0097 Canary Trail', 'California', 'Long Beach', '90805', 71, 'Male');
insert into ArcherTable (ArcherID, FirstName, LastName, PhoneNumber, Street, Suburb, City, Postcode, Age, Gender) values (6, 'Fax', 'Royal', '2026192081', '42730 Farragut Hill', 'District of Columbia', 'Washington', '20057', 23, 'Male');
insert into ArcherTable (ArcherID, FirstName, LastName, PhoneNumber, Street, Suburb, City, Postcode, Age, Gender) values (7, 'Harriett', 'Sirmond', '4699471523', '81509 Commercial Center', 'Texas', 'Dallas', '75205', 49, 'Female');
insert into ArcherTable (ArcherID, FirstName, LastName, PhoneNumber, Street, Suburb, City, Postcode, Age, Gender) values (8, 'Enriqueta', 'Caret', '4103720641', '6164 Oneill Center', 'Maryland', 'Baltimore', '21229', 34, 'Female');
insert into ArcherTable (ArcherID, FirstName, LastName, PhoneNumber, Street, Suburb, City, Postcode, Age, Gender) values (9, 'Luigi', 'Shoreson', '8182669440', '35082 Comanche Road', 'California', 'Santa Monica', '90405', 89, 'Male');
insert into ArcherTable (ArcherID, FirstName, LastName, PhoneNumber, Street, Suburb, City, Postcode, Age, Gender) values (10, 'Trevor', 'Lishmund', '9153608144', '17 New Castle Hill', 'Texas', 'El Paso', '88546', 48, 'Male');
insert into ArcherTable (ArcherID, FirstName, LastName, PhoneNumber, Street, Suburb, City, Postcode, Age, Gender) values (11, 'Johannah', 'Pomphrett', '2624208573', '3 Transport Trail', 'Wisconsin', 'Racine', '53405', 23, 'Female');
insert into ArcherTable (ArcherID, FirstName, LastName, PhoneNumber, Street, Suburb, City, Postcode, Age, Gender) values (12, 'Tim', 'Sheirlaw', '7759379566', '04 Springs Avenue', 'Nevada', 'Reno', '89519', 34, 'Female');
insert into ArcherTable (ArcherID, FirstName, LastName, PhoneNumber, Street, Suburb, City, Postcode, Age, Gender) values (13, 'Blakeley', 'Mantha', '2161454637', '10 Summer Ridge Crossing', 'Ohio', 'Cleveland', '44191', 27, 'Female');
insert into ArcherTable (ArcherID, FirstName, LastName, PhoneNumber, Street, Suburb, City, Postcode, Age, Gender) values (14, 'Elane', 'Cartlidge', '7197471136', '099 Talisman Alley', 'Colorado', 'Colorado Springs', '80915', 34, 'Female');
insert into ArcherTable (ArcherID, FirstName, LastName, PhoneNumber, Street, Suburb, City, Postcode, Age, Gender) values (15, 'Drucy', 'Loyd', '5857441233', '709 Hagan Drive', 'New York', 'Rochester', '14619', 31, 'Genderfluid');
insert into ArcherTable (ArcherID, FirstName, LastName, PhoneNumber, Street, Suburb, City, Postcode, Age, Gender) values (16, 'Janet', 'Larroway', '9048847552', '72 Old Shore Park', 'Florida', 'Saint Augustine', '32092', 76, 'Female');
insert into ArcherTable (ArcherID, FirstName, LastName, PhoneNumber, Street, Suburb, City, Postcode, Age, Gender) values (17, 'Kalvin', 'MacAnespie', '2402879166', '6 Sachtjen Park', 'Maryland', 'Frederick', '21705', 22, 'Male');
insert into ArcherTable (ArcherID, FirstName, LastName, PhoneNumber, Street, Suburb, City, Postcode, Age, Gender) values (18, 'Kylie', 'Nellen', '9158175998', '73 Lakeland Junction', 'Texas', 'El Paso', '88579', 54, 'Non-binary');
insert into ArcherTable (ArcherID, FirstName, LastName, PhoneNumber, Street, Suburb, City, Postcode, Age, Gender) values (19, 'Nadia', 'Dellar', '8143503584', '3708 Judy Avenue', 'Pennsylvania', 'Erie', '16550', 36, 'Female');
insert into ArcherTable (ArcherID, FirstName, LastName, PhoneNumber, Street, Suburb, City, Postcode, Age, Gender) values (20, 'Leeanne', 'Brauner', '9529307682', '686 Darwin Alley', 'Minnesota', 'Young America', '55551', 67, 'Agender');
insert into ArcherTable (ArcherID, FirstName, LastName, PhoneNumber, Street, Suburb, City, Postcode, Age, Gender) values (21, 'Montague', 'Blumson', '5174702579', '98715 Lyons Way', 'Michigan', 'Lansing', '48901', 14, 'Male');
insert into ArcherTable (ArcherID, FirstName, LastName, PhoneNumber, Street, Suburb, City, Postcode, Age, Gender) values (22, 'Ricky', 'Dunridge', '3125378575', '9098 Morrow Road', 'Illinois', 'Chicago', '60614', 46, 'Male');
insert into ArcherTable (ArcherID, FirstName, LastName, PhoneNumber, Street, Suburb, City, Postcode, Age, Gender) values (23, 'Culver', 'Roxbrough', '3235845939', '470 8th Lane', 'California', 'Los Angeles', '90015', 12, 'Bigender');
insert into ArcherTable (ArcherID, FirstName, LastName, PhoneNumber, Street, Suburb, City, Postcode, Age, Gender) values (24, 'Thibaud', 'Sills', '2605144562', '66915 Dapin Plaza', 'Indiana', 'Fort Wayne', '46896', 75, 'Male');
insert into ArcherTable (ArcherID, FirstName, LastName, PhoneNumber, Street, Suburb, City, Postcode, Age, Gender) values (25, 'Sonnie', 'Beavon', '7188643494', '32244 Mccormick Center', 'New York', 'Jamaica', '11480', 60, 'Male');
insert into ArcherTable (ArcherID, FirstName, LastName, PhoneNumber, Street, Suburb, City, Postcode, Age, Gender) values (26, 'Dawn', 'Vize', '7186049644', '24 Bayside Avenue', 'New York', 'Bronx', '10459', 42, 'Genderfluid');
insert into ArcherTable (ArcherID, FirstName, LastName, PhoneNumber, Street, Suburb, City, Postcode, Age, Gender) values (27, 'Valentina', 'Rominov', '2671840121', '98222 Clove Way', 'Pennsylvania', 'Philadelphia', '19146', 80, 'Female');
insert into ArcherTable (ArcherID, FirstName, LastName, PhoneNumber, Street, Suburb, City, Postcode, Age, Gender) values (28, 'Marsiella', 'Schneidau', '3866438273', '29008 Marcy Trail', 'Florida', 'Daytona Beach', '32123', 53, 'Female');
insert into ArcherTable (ArcherID, FirstName, LastName, PhoneNumber, Street, Suburb, City, Postcode, Age, Gender) values (29, 'Pauletta', 'Cunney', '3075295053', '74 Union Way', 'Wyoming', 'Cheyenne', '82007', 71, 'Female');
insert into ArcherTable (ArcherID, FirstName, LastName, PhoneNumber, Street, Suburb, City, Postcode, Age, Gender) values (30, 'Omero', 'Clymo', '3121152309', '614 Dryden Point', 'Illinois', 'Schaumburg', '60193', 19, 'Male');
insert into ArcherTable (ArcherID, FirstName, LastName, PhoneNumber, Street, Suburb, City, Postcode, Age, Gender) values (31, 'Malanie', 'Kingsly', '3047206341', '51750 Bultman Center', 'West Virginia', 'Huntington', '25726', 67, 'Female');
insert into ArcherTable (ArcherID, FirstName, LastName, PhoneNumber, Street, Suburb, City, Postcode, Age, Gender) values (32, 'Simmonds', 'Kroch', '8101133065', '76018 Stuart Crossing', 'Michigan', 'Detroit', '48211', 61, 'Male');
insert into ArcherTable (ArcherID, FirstName, LastName, PhoneNumber, Street, Suburb, City, Postcode, Age, Gender) values (33, 'Eustace', 'Saller', '3186625775', '542 Eliot Point', 'Louisiana', 'Shreveport', '71115', 25, 'Male');
insert into ArcherTable (ArcherID, FirstName, LastName, PhoneNumber, Street, Suburb, City, Postcode, Age, Gender) values (34, 'Blinny', 'Tucsell', '2165342732', '78 Kennedy Place', 'Ohio', 'Cleveland', '44130', 29, 'Female');
insert into ArcherTable (ArcherID, FirstName, LastName, PhoneNumber, Street, Suburb, City, Postcode, Age, Gender) values (35, 'Lesley', 'Diddams', '8136572063', '4 Trailsway Alley', 'Florida', 'Tampa', '33647', 24, 'Male');
insert into ArcherTable (ArcherID, FirstName, LastName, PhoneNumber, Street, Suburb, City, Postcode, Age, Gender) values (36, 'Liuka', 'Donegan', '3304522502', '85 Del Sol Parkway', 'Ohio', 'Akron', '44310', 26, 'Female');
insert into ArcherTable (ArcherID, FirstName, LastName, PhoneNumber, Street, Suburb, City, Postcode, Age, Gender) values (37, 'Kris', 'Renhard', '5091259963', '7173 Northland Point', 'Washington', 'Spokane', '99205', 63, 'Female');
insert into ArcherTable (ArcherID, FirstName, LastName, PhoneNumber, Street, Suburb, City, Postcode, Age, Gender) values (38, 'Matthias', 'Cluer', '2093436506', '8367 Victoria Crossing', 'California', 'Modesto', '95354', 81, 'Male');
insert into ArcherTable (ArcherID, FirstName, LastName, PhoneNumber, Street, Suburb, City, Postcode, Age, Gender) values (39, 'Raffaello', 'Clausner', '8068791334', '41552 Mcguire Lane', 'Texas', 'Amarillo', '79159', 22, 'Male');
insert into ArcherTable (ArcherID, FirstName, LastName, PhoneNumber, Street, Suburb, City, Postcode, Age, Gender) values (40, 'Rodolfo', 'Whitney', '3044144841', '5728 Bunker Hill Place', 'West Virginia', 'Charleston', '25331', 49, 'Male');
insert into ArcherTable (ArcherID, FirstName, LastName, PhoneNumber, Street, Suburb, City, Postcode, Age, Gender) values (41, 'Giulio', 'Saben', '3609280913', '41456 American Ash Street', 'Washington', 'Vancouver', '98687', 69, 'Male');
insert into ArcherTable (ArcherID, FirstName, LastName, PhoneNumber, Street, Suburb, City, Postcode, Age, Gender) values (42, 'Lee', 'Astbury', '3135805986', '7848 Del Sol Circle', 'Michigan', 'Detroit', '48232', 53, 'Male');
insert into ArcherTable (ArcherID, FirstName, LastName, PhoneNumber, Street, Suburb, City, Postcode, Age, Gender) values (43, 'Irvine', 'Kofax', '7138858107', '25095 Lyons Alley', 'Texas', 'Houston', '77212', 45, 'Male');
insert into ArcherTable (ArcherID, FirstName, LastName, PhoneNumber, Street, Suburb, City, Postcode, Age, Gender) values (44, 'Nikki', 'Lavell', '9402263502', '79940 David Road', 'Texas', 'Wichita Falls', '76310', 36, 'Male');
insert into ArcherTable (ArcherID, FirstName, LastName, PhoneNumber, Street, Suburb, City, Postcode, Age, Gender) values (45, 'Therese', 'Backhouse', '6463950639', '4 Gulseth Street', 'New York', 'New York City', '10165', 70, 'Female');
insert into ArcherTable (ArcherID, FirstName, LastName, PhoneNumber, Street, Suburb, City, Postcode, Age, Gender) values (46, 'Forrest', 'Messitt', '6619505663', '27123 Morningstar Lane', 'California', 'Bakersfield', '93381', 53, 'Male');
insert into ArcherTable (ArcherID, FirstName, LastName, PhoneNumber, Street, Suburb, City, Postcode, Age, Gender) values (47, 'Malory', 'Stut', '4044890742', '863 Jackson Parkway', 'Georgia', 'Atlanta', '31106', 85, 'Female');
insert into ArcherTable (ArcherID, FirstName, LastName, PhoneNumber, Street, Suburb, City, Postcode, Age, Gender) values (48, 'Osborn', 'Matejic', '7132811314', '8334 Debra Pass', 'Texas', 'Houston', '77223', 90, 'Agender');
insert into ArcherTable (ArcherID, FirstName, LastName, PhoneNumber, Street, Suburb, City, Postcode, Age, Gender) values (49, 'Trix', 'Harhoff', '7021765878', '2 Jenifer Alley', 'Nevada', 'Las Vegas', '89125', 54, 'Female');
insert into ArcherTable (ArcherID, FirstName, LastName, PhoneNumber, Street, Suburb, City, Postcode, Age, Gender) values (50, 'Charlene', 'Elizabeth', '9173186589', '7961 Birchwood Street', 'New York', 'Brooklyn', '11236', 34, 'Female');
insert into ArcherTable (ArcherID, FirstName, LastName, PhoneNumber, Street, Suburb, City, Postcode, Age, Gender) values (51, 'Kirbee', 'Rippon', '3136670862', '716 Surrey Court', 'Michigan', 'Southfield', '48076', 32, 'Female');
insert into ArcherTable (ArcherID, FirstName, LastName, PhoneNumber, Street, Suburb, City, Postcode, Age, Gender) values (52, 'Nari', 'Twigley', '4046288304', '7 Walton Point', 'Georgia', 'Atlanta', '30375', 43, 'Female');
insert into ArcherTable (ArcherID, FirstName, LastName, PhoneNumber, Street, Suburb, City, Postcode, Age, Gender) values (53, 'Gunner', 'Sowter', '2603498883', '828 Crowley Junction', 'Indiana', 'Fort Wayne', '46867', 10, 'Male');
insert into ArcherTable (ArcherID, FirstName, LastName, PhoneNumber, Street, Suburb, City, Postcode, Age, Gender) values (54, 'Wilt', 'Kleanthous', '4253074425', '8897 Del Mar Street', 'Washington', 'Kent', '98042', 17, 'Male');
insert into ArcherTable (ArcherID, FirstName, LastName, PhoneNumber, Street, Suburb, City, Postcode, Age, Gender) values (55, 'Benyamin', 'Windress', '8163964181', '29 Sycamore Lane', 'Missouri', 'Kansas City', '64144', 25, 'Male');
insert into ArcherTable (ArcherID, FirstName, LastName, PhoneNumber, Street, Suburb, City, Postcode, Age, Gender) values (56, 'Edgar', 'Widdison', '4059650906', '87 Thackeray Road', 'Oklahoma', 'Oklahoma City', '73114', 73, 'Male');
insert into ArcherTable (ArcherID, FirstName, LastName, PhoneNumber, Street, Suburb, City, Postcode, Age, Gender) values (57, 'Reamonn', 'Plunket', '7188197409', '18931 Morningstar Way', 'New York', 'New York City', '10014', 82, 'Male');
insert into ArcherTable (ArcherID, FirstName, LastName, PhoneNumber, Street, Suburb, City, Postcode, Age, Gender) values (58, 'Kayla', 'Brawn', '2036772136', '3 Summerview Center', 'Connecticut', 'New Haven', '06533', 82, 'Female');
insert into ArcherTable (ArcherID, FirstName, LastName, PhoneNumber, Street, Suburb, City, Postcode, Age, Gender) values (59, 'Candra', 'Pickerill', '7207073217', '20174 Jay Street', 'Colorado', 'Arvada', '80005', 54, 'Female');
insert into ArcherTable (ArcherID, FirstName, LastName, PhoneNumber, Street, Suburb, City, Postcode, Age, Gender) values (60, 'Roanne', 'McIlherran', '2517441327', '7049 Derek Center', 'Alabama', 'Mobile', '36689', 43, 'Female');
insert into ArcherTable (ArcherID, FirstName, LastName, PhoneNumber, Street, Suburb, City, Postcode, Age, Gender) values (61, 'Arturo', 'Ward', '6129579352', '523 Fremont Pass', 'Minnesota', 'Minneapolis', '55480', 62, 'Male');
insert into ArcherTable (ArcherID, FirstName, LastName, PhoneNumber, Street, Suburb, City, Postcode, Age, Gender) values (62, 'Kirk', 'Portlock', '8064984805', '19825 Porter Parkway', 'Texas', 'Amarillo', '79118', 73, 'Non-binary');
insert into ArcherTable (ArcherID, FirstName, LastName, PhoneNumber, Street, Suburb, City, Postcode, Age, Gender) values (63, 'Drona', 'Krauss', '8067778375', '059 Eagan Place', 'Texas', 'Amarillo', '79182', 15, 'Female');
insert into ArcherTable (ArcherID, FirstName, LastName, PhoneNumber, Street, Suburb, City, Postcode, Age, Gender) values (64, 'Chrotoem', 'Crosfeld', '2125731301', '18654 Prairieview Way', 'New York', 'New York City', '10090', 27, 'Male');
insert into ArcherTable (ArcherID, FirstName, LastName, PhoneNumber, Street, Suburb, City, Postcode, Age, Gender) values (65, 'Gusta', 'Tzarkov', '4698556753', '4434 Cottonwood Avenue', 'Texas', 'Dallas', '75205', 75, 'Female');
insert into ArcherTable (ArcherID, FirstName, LastName, PhoneNumber, Street, Suburb, City, Postcode, Age, Gender) values (66, 'Maisey', 'Tysall', '5139759030', '967 Haas Place', 'Ohio', 'Cincinnati', '45233', 14, 'Female');
insert into ArcherTable (ArcherID, FirstName, LastName, PhoneNumber, Street, Suburb, City, Postcode, Age, Gender) values (67, 'Darrin', 'Chainey', '8502092825', '9 Eliot Trail', 'Florida', 'Tallahassee', '32314', 17, 'Bigender');
insert into ArcherTable (ArcherID, FirstName, LastName, PhoneNumber, Street, Suburb, City, Postcode, Age, Gender) values (68, 'Freddi', 'Fearenside', '6508582548', '61643 Summerview Junction', 'California', 'Redwood City', '94064', 62, 'Female');
insert into ArcherTable (ArcherID, FirstName, LastName, PhoneNumber, Street, Suburb, City, Postcode, Age, Gender) values (69, 'Devland', 'Munroe', '2158139575', '6306 Forest Avenue', 'Pennsylvania', 'Philadelphia', '19141', 32, 'Male');
insert into ArcherTable (ArcherID, FirstName, LastName, PhoneNumber, Street, Suburb, City, Postcode, Age, Gender) values (70, 'Dietrich', 'Erridge', '7544021102', '04914 Waubesa Alley', 'Florida', 'Pompano Beach', '33075', 41, 'Non-binary');
insert into ArcherTable (ArcherID, FirstName, LastName, PhoneNumber, Street, Suburb, City, Postcode, Age, Gender) values (71, 'Frederigo', 'Sibbald', '4809075726', '5 Drewry Court', 'Arizona', 'Phoenix', '85040', 31, 'Male');
insert into ArcherTable (ArcherID, FirstName, LastName, PhoneNumber, Street, Suburb, City, Postcode, Age, Gender) values (72, 'Tillie', 'Francello', '2137127759', '647 Acker Terrace', 'California', 'Los Angeles', '90055', 65, 'Female');
insert into ArcherTable (ArcherID, FirstName, LastName, PhoneNumber, Street, Suburb, City, Postcode, Age, Gender) values (73, 'Berny', 'Cudiff', '2601440987', '2 Eggendart Way', 'Indiana', 'Fort Wayne', '46857', 38, 'Male');
insert into ArcherTable (ArcherID, FirstName, LastName, PhoneNumber, Street, Suburb, City, Postcode, Age, Gender) values (74, 'Matthaeus', 'Bittlestone', '5626330569', '4 Cottonwood Alley', 'California', 'Long Beach', '90840', 27, 'Male');
insert into ArcherTable (ArcherID, FirstName, LastName, PhoneNumber, Street, Suburb, City, Postcode, Age, Gender) values (75, 'Roddy', 'Manueli', '4023940379', '9467 Rieder Circle', 'Nebraska', 'Omaha', '68105', 62, 'Agender');
insert into ArcherTable (ArcherID, FirstName, LastName, PhoneNumber, Street, Suburb, City, Postcode, Age, Gender) values (76, 'Darrelle', 'Draisey', '8473352152', '339 Forest Run Place', 'Illinois', 'Evanston', '60208', 85, 'Female');
insert into ArcherTable (ArcherID, FirstName, LastName, PhoneNumber, Street, Suburb, City, Postcode, Age, Gender) values (77, 'Maribelle', 'Schonfeld', '9152791493', '04 Lyons Circle', 'Texas', 'El Paso', '79928', 43, 'Female');
insert into ArcherTable (ArcherID, FirstName, LastName, PhoneNumber, Street, Suburb, City, Postcode, Age, Gender) values (78, 'Darb', 'Sangra', '9044357056', '32 Reindahl Terrace', 'Florida', 'Jacksonville', '32230', 25, 'Genderqueer');
insert into ArcherTable (ArcherID, FirstName, LastName, PhoneNumber, Street, Suburb, City, Postcode, Age, Gender) values (79, 'Zacharia', 'Bamsey', '3524896165', '37 Holmberg Court', 'Florida', 'Ocala', '34474', 28, 'Male');
insert into ArcherTable (ArcherID, FirstName, LastName, PhoneNumber, Street, Suburb, City, Postcode, Age, Gender) values (80, 'Sloan', 'Caukill', '6019115829', '3 Muir Alley', 'Mississippi', 'Jackson', '39296', 29, 'Male');
insert into ArcherTable (ArcherID, FirstName, LastName, PhoneNumber, Street, Suburb, City, Postcode, Age, Gender) values (81, 'Kenon', 'Brettell', '4064221550', '05 Elka Pass', 'Montana', 'Bozeman', '59771', 12, 'Male');
insert into ArcherTable (ArcherID, FirstName, LastName, PhoneNumber, Street, Suburb, City, Postcode, Age, Gender) values (82, 'Abraham', 'Crouch', '7174541999', '8142 New Castle Circle', 'Pennsylvania', 'York', '17405', 68, 'Male');
insert into ArcherTable (ArcherID, FirstName, LastName, PhoneNumber, Street, Suburb, City, Postcode, Age, Gender) values (83, 'Charlot', 'Eddie', '5121664034', '29527 Sommers Plaza', 'Texas', 'Austin', '78764', 45, 'Polygender');
insert into ArcherTable (ArcherID, FirstName, LastName, PhoneNumber, Street, Suburb, City, Postcode, Age, Gender) values (84, 'Nicolette', 'Teasey', '7867481244', '3138 Dovetail Point', 'Florida', 'Miami', '33142', 45, 'Female');
insert into ArcherTable (ArcherID, FirstName, LastName, PhoneNumber, Street, Suburb, City, Postcode, Age, Gender) values (85, 'Abraham', 'Raikes', '5026788041', '57829 Debs Court', 'Kentucky', 'Louisville', '40256', 88, 'Genderfluid');
insert into ArcherTable (ArcherID, FirstName, LastName, PhoneNumber, Street, Suburb, City, Postcode, Age, Gender) values (86, 'Elinore', 'Presidey', '9019818357', '3 Pawling Lane', 'Tennessee', 'Memphis', '38188', 54, 'Female');
insert into ArcherTable (ArcherID, FirstName, LastName, PhoneNumber, Street, Suburb, City, Postcode, Age, Gender) values (87, 'Kinna', 'Conen', '9379070172', '1373 Forster Way', 'Ohio', 'Hamilton', '45020', 78, 'Female');
insert into ArcherTable (ArcherID, FirstName, LastName, PhoneNumber, Street, Suburb, City, Postcode, Age, Gender) values (88, 'Elissa', 'Buzzing', '3096561195', '6 Mallory Hill', 'Illinois', 'Peoria', '61614', 57, 'Female');
insert into ArcherTable (ArcherID, FirstName, LastName, PhoneNumber, Street, Suburb, City, Postcode, Age, Gender) values (89, 'Sayer', 'Jaquest', '8149723660', '58301 Sheridan Avenue', 'Pennsylvania', 'Johnstown', '15906', 88, 'Male');
insert into ArcherTable (ArcherID, FirstName, LastName, PhoneNumber, Street, Suburb, City, Postcode, Age, Gender) values (90, 'Inigo', 'Weedon', '4075162394', '185 Hanson Drive', 'Florida', 'Orlando', '32891', 45, 'Male');
insert into ArcherTable (ArcherID, FirstName, LastName, PhoneNumber, Street, Suburb, City, Postcode, Age, Gender) values (91, 'Page', 'Chesney', '5189509706', '94 Merrick Court', 'New York', 'Albany', '12242', 79, 'Male');
insert into ArcherTable (ArcherID, FirstName, LastName, PhoneNumber, Street, Suburb, City, Postcode, Age, Gender) values (92, 'Gnni', 'Ingleston', '3616772358', '6 Hagan Court', 'Texas', 'Corpus Christi', '78410', 70, 'Female');
insert into ArcherTable (ArcherID, FirstName, LastName, PhoneNumber, Street, Suburb, City, Postcode, Age, Gender) values (93, 'Benson', 'Borthwick', '6026692264', '56 Oak Valley Terrace', 'Arizona', 'Phoenix', '85083', 56, 'Non-binary');
insert into ArcherTable (ArcherID, FirstName, LastName, PhoneNumber, Street, Suburb, City, Postcode, Age, Gender) values (94, 'Dionisio', 'Aslam', '2028918416', '559 Northfield Circle', 'District of Columbia', 'Washington', '20414', 36, 'Male');
insert into ArcherTable (ArcherID, FirstName, LastName, PhoneNumber, Street, Suburb, City, Postcode, Age, Gender) values (95, 'Piggy', 'Clipsham', '7165087750', '63493 Ridge Oak Road', 'New York', 'Buffalo', '14269', 45, 'Male');
insert into ArcherTable (ArcherID, FirstName, LastName, PhoneNumber, Street, Suburb, City, Postcode, Age, Gender) values (96, 'Myra', 'Danielczyk', '5136309969', '2 Tennyson Lane', 'Ohio', 'Cincinnati', '45228', 90, 'Female');
insert into ArcherTable (ArcherID, FirstName, LastName, PhoneNumber, Street, Suburb, City, Postcode, Age, Gender) values (97, 'Jason', 'Cuffe', '7139421424', '713 Cascade Pass', 'Texas', 'Houston', '77015', 39, 'Male');
insert into ArcherTable (ArcherID, FirstName, LastName, PhoneNumber, Street, Suburb, City, Postcode, Age, Gender) values (98, 'Quent', 'Rubrow', '7278405041', '2132 Morrow Alley', 'Florida', 'Saint Petersburg', '33742', 74, 'Male');
insert into ArcherTable (ArcherID, FirstName, LastName, PhoneNumber, Street, Suburb, City, Postcode, Age, Gender) values (99, 'Carmon', 'Hansmann', '2099124209', '3 Dorton Point', 'California', 'Modesto', '95397', 14, 'Female');
insert into ArcherTable (ArcherID, FirstName, LastName, PhoneNumber, Street, Suburb, City, Postcode, Age, Gender) values (100, 'Stanwood', 'Woolley', '6053623861', '7243 Summerview Terrace', 'South Dakota', 'Sioux Falls', '57110', 50, 'Male');


-- Inserting data into ClubScorerTable??
insert into ClubScorerTable (ClubScorerID, FirstName, LastName, PhoneNumber, Street, Surburb, City, Postcode, Age, Gender) values (1, 'Sonja', 'Jefford', '9932260507', '90044 Farmco Trail', 'Puerto Santander', 'Naro-Fominsk', '548037', 95, 'F');
insert into ClubScorerTable (ClubScorerID, FirstName, LastName, PhoneNumber, Street, Surburb, City, Postcode, Age, Gender) values (2, 'Gwenny', 'Tibbetts', '6553409652', '3300 Claremont Crossing', 'Macheng', 'Shihuiyao', null, 94, 'F');
insert into ClubScorerTable (ClubScorerID, FirstName, LastName, PhoneNumber, Street, Surburb, City, Postcode, Age, Gender) values (3, 'Edna', 'Rockhall', '9016743609', '16085 Jackson Pass', 'Aguilar', 'Ngoc Hon Doc', '2415', 2, 'F');
insert into ClubScorerTable (ClubScorerID, FirstName, LastName, PhoneNumber, Street, Surburb, City, Postcode, Age, Gender) values (4, 'Gherardo', 'MacMeeking', '9429835958', '958 Londonderry Junction', 'Brades', 'Dongxi', null, 37, 'M');
insert into ClubScorerTable (ClubScorerID, FirstName, LastName, PhoneNumber, Street, Surburb, City, Postcode, Age, Gender) values (5, 'Delmore', 'Killock', '4796754838', '482 Hoard Junction', 'Wolin', 'Izmaylovo', '72-510', 77, 'M');


-- Inserting data into DivisionTable
INSERT INTO DivisionTable (DivisionID, Gender, Age, Recurve, Compound, RecurveBarebow, CompoundBarebow, Longbow)
VALUES
(1, 'Female', NULL, 1, 1, 0, 0, 0), -- Female Open
(2, 'Male', NULL, 1, 1, 1, 1, 1), -- Male Open
(3, 'Female', 50, 1, 0, 0, 1, 0), -- Female 50+
(4, 'Male', 50, 1, 0, 0, 0, 1), -- Male 50+
(5, 'Female', 60, 0, 0, 0, 1, 1), -- Female 60+
(6, 'Male', 60, 0, 0, 0, 0, 1), -- Male 60+
(7, 'Female', 70, 1, 0, 0, 1, 1), -- Female 70+
(8, 'Male', 70, 1, 0, 1, 0, 0), -- Male 70+
(9, 'Female', 21, 0, 0, 0, 1, 1), -- Under 21 Female
(10, 'Male', 21, 0, 1, 0, 1, 1), -- Under 21 Male
(11, 'Female', 18, 0, 1, 1, 0, 0), -- Under 18 Female
(12, 'Male', 18, 1, 0, 0, 0, 1), -- Under 18 Male
(13, 'Female', 16, 0, 0, 0, 0, 1), -- Under 16 Female
(14, 'Male', 16, 1, 0, 0, 0, 1), -- Under 16 Male
(15, 'Female', 14, 0, 1, 0, 1, 1), -- Under 14 Female
(16, 'Male', 14, 0, 0, 0, 1, 1); -- Under 14 Male


-- Inserting data into CompetitionTable
insert into CompetitionTable (CompetitionID, DivisionID, ArcherID, startDate, startTime) values (1, 1, 1, '2024-05-25', '8:32 PM');
insert into CompetitionTable (CompetitionID, DivisionID, ArcherID, startDate, startTime) values (2, 2, 2, '2023-12-13', '12:15 AM');
insert into CompetitionTable (CompetitionID, DivisionID, ArcherID, startDate, startTime) values (3, 3, 3, '2024-05-25', '12:34 PM');
insert into CompetitionTable (CompetitionID, DivisionID, ArcherID, startDate, startTime) values (4, 4, 4, '2023-10-25', '6:12 PM');
insert into CompetitionTable (CompetitionID, DivisionID, ArcherID, startDate, startTime) values (5, 5, 5, '2023-05-17', '1:12 PM');
insert into CompetitionTable (CompetitionID, DivisionID, ArcherID, startDate, startTime) values (6, 6, 6, '2024-01-15', '8:00 PM');
insert into CompetitionTable (CompetitionID, DivisionID, ArcherID, startDate, startTime) values (7, 7, 7, '2023-05-02', '7:25 AM');
insert into CompetitionTable (CompetitionID, DivisionID, ArcherID, startDate, startTime) values (8, 8, 8, '2024-02-25', '7:00 AM');
insert into CompetitionTable (CompetitionID, DivisionID, ArcherID, startDate, startTime) values (9, 9, 9, '2024-02-05', '8:43 PM');
insert into CompetitionTable (CompetitionID, DivisionID, ArcherID, startDate, startTime) values (10, 10, 10, '2024-01-30', '3:19 PM');
insert into CompetitionTable (CompetitionID, DivisionID, ArcherID, startDate, startTime) values (11, 11, 11, '2023-10-21', '7:22 AM');
insert into CompetitionTable (CompetitionID, DivisionID, ArcherID, startDate, startTime) values (12, 12, 12, '2023-07-27', '7:07 PM');
insert into CompetitionTable (CompetitionID, DivisionID, ArcherID, startDate, startTime) values (13, 13, 13, '2023-10-26', '1:02 PM');
insert into CompetitionTable (CompetitionID, DivisionID, ArcherID, startDate, startTime) values (14, 14, 14, '2023-11-15', '3:03 PM');
insert into CompetitionTable (CompetitionID, DivisionID, ArcherID, startDate, startTime) values (15, 15, 15, '2023-09-07', '5:47 AM');
insert into CompetitionTable (CompetitionID, DivisionID, ArcherID, startDate, startTime) values (16, 16, 16, '2023-07-10', '1:23 AM');
insert into CompetitionTable (CompetitionID, DivisionID, ArcherID, startDate, startTime) values (17, 17, 17, '2023-12-24', '5:46 PM');
insert into CompetitionTable (CompetitionID, DivisionID, ArcherID, startDate, startTime) values (18, 18, 18, '2023-07-12', '1:17 AM');
insert into CompetitionTable (CompetitionID, DivisionID, ArcherID, startDate, startTime) values (19, 19, 19, '2023-08-10', '4:45 AM');
insert into CompetitionTable (CompetitionID, DivisionID, ArcherID, startDate, startTime) values (20, 20, 20, '2024-03-10', '11:06 AM');
insert into CompetitionTable (CompetitionID, DivisionID, ArcherID, startDate, startTime) values (21, 21, 21, '2024-03-21', '11:03 PM');
insert into CompetitionTable (CompetitionID, DivisionID, ArcherID, startDate, startTime) values (22, 22, 22, '2024-03-24', '6:32 AM');
insert into CompetitionTable (CompetitionID, DivisionID, ArcherID, startDate, startTime) values (23, 23, 23, '2023-05-01', '2:00 AM');
insert into CompetitionTable (CompetitionID, DivisionID, ArcherID, startDate, startTime) values (24, 24, 24, '2024-03-14', '8:29 AM');
insert into CompetitionTable (CompetitionID, DivisionID, ArcherID, startDate, startTime) values (25, 25, 25, '2023-10-26', '12:50 AM');
insert into CompetitionTable (CompetitionID, DivisionID, ArcherID, startDate, startTime) values (26, 26, 26, '2024-03-28', '12:32 AM');
insert into CompetitionTable (CompetitionID, DivisionID, ArcherID, startDate, startTime) values (27, 27, 27, '2024-04-02', '8:39 AM');
insert into CompetitionTable (CompetitionID, DivisionID, ArcherID, startDate, startTime) values (28, 28, 28, '2023-12-01', '9:41 AM');
insert into CompetitionTable (CompetitionID, DivisionID, ArcherID, startDate, startTime) values (29, 29, 29, '2024-03-25', '11:42 AM');
insert into CompetitionTable (CompetitionID, DivisionID, ArcherID, startDate, startTime) values (30, 30, 30, '2023-06-02', '8:24 AM');
insert into CompetitionTable (CompetitionID, DivisionID, ArcherID, startDate, startTime) values (31, 31, 31, '2024-03-18', '7:42 AM');
insert into CompetitionTable (CompetitionID, DivisionID, ArcherID, startDate, startTime) values (32, 32, 32, '2023-10-10', '5:30 PM');
insert into CompetitionTable (CompetitionID, DivisionID, ArcherID, startDate, startTime) values (33, 33, 33, '2023-10-14', '1:40 AM');
insert into CompetitionTable (CompetitionID, DivisionID, ArcherID, startDate, startTime) values (34, 34, 34, '2023-07-28', '1:08 PM');
insert into CompetitionTable (CompetitionID, DivisionID, ArcherID, startDate, startTime) values (35, 35, 35, '2023-07-29', '8:34 PM');
insert into CompetitionTable (CompetitionID, DivisionID, ArcherID, startDate, startTime) values (36, 36, 36, '2023-05-05', '8:29 AM');
insert into CompetitionTable (CompetitionID, DivisionID, ArcherID, startDate, startTime) values (37, 37, 37, '2024-04-18', '3:36 PM');
insert into CompetitionTable (CompetitionID, DivisionID, ArcherID, startDate, startTime) values (38, 38, 38, '2024-01-16', '4:18 PM');
insert into CompetitionTable (CompetitionID, DivisionID, ArcherID, startDate, startTime) values (39, 39, 39, '2024-02-03', '5:22 PM');
insert into CompetitionTable (CompetitionID, DivisionID, ArcherID, startDate, startTime) values (40, 40, 40, '2024-01-30', '5:31 AM');
insert into CompetitionTable (CompetitionID, DivisionID, ArcherID, startDate, startTime) values (41, 41, 41, '2024-01-17', '1:10 AM');
insert into CompetitionTable (CompetitionID, DivisionID, ArcherID, startDate, startTime) values (42, 42, 42, '2023-12-14', '11:37 AM');
insert into CompetitionTable (CompetitionID, DivisionID, ArcherID, startDate, startTime) values (43, 43, 43, '2023-06-04', '10:19 PM');
insert into CompetitionTable (CompetitionID, DivisionID, ArcherID, startDate, startTime) values (44, 44, 44, '2023-09-23', '4:06 PM');
insert into CompetitionTable (CompetitionID, DivisionID, ArcherID, startDate, startTime) values (45, 45, 45, '2024-05-23', '3:51 PM');
insert into CompetitionTable (CompetitionID, DivisionID, ArcherID, startDate, startTime) values (46, 46, 46, '2024-03-06', '4:40 AM');
insert into CompetitionTable (CompetitionID, DivisionID, ArcherID, startDate, startTime) values (47, 47, 47, '2023-11-01', '12:17 AM');
insert into CompetitionTable (CompetitionID, DivisionID, ArcherID, startDate, startTime) values (48, 48, 48, '2024-04-16', '9:37 PM');
insert into CompetitionTable (CompetitionID, DivisionID, ArcherID, startDate, startTime) values (49, 49, 49, '2023-07-19', '1:06 AM');
insert into CompetitionTable (CompetitionID, DivisionID, ArcherID, startDate, startTime) values (50, 50, 50, '2023-05-27', '8:51 PM');
insert into CompetitionTable (CompetitionID, DivisionID, ArcherID, startDate, startTime) values (51, 51, 51, '2023-05-01', '4:37 AM');
insert into CompetitionTable (CompetitionID, DivisionID, ArcherID, startDate, startTime) values (52, 52, 52, '2024-02-22', '12:25 AM');
insert into CompetitionTable (CompetitionID, DivisionID, ArcherID, startDate, startTime) values (53, 53, 53, '2024-04-01', '8:57 AM');
insert into CompetitionTable (CompetitionID, DivisionID, ArcherID, startDate, startTime) values (54, 54, 54, '2024-05-21', '11:02 PM');
insert into CompetitionTable (CompetitionID, DivisionID, ArcherID, startDate, startTime) values (55, 55, 55, '2024-01-28', '10:55 PM');
insert into CompetitionTable (CompetitionID, DivisionID, ArcherID, startDate, startTime) values (56, 56, 56, '2023-10-12', '1:44 AM');
insert into CompetitionTable (CompetitionID, DivisionID, ArcherID, startDate, startTime) values (57, 57, 57, '2023-12-23', '4:56 PM');
insert into CompetitionTable (CompetitionID, DivisionID, ArcherID, startDate, startTime) values (58, 58, 58, '2024-05-24', '6:26 PM');
insert into CompetitionTable (CompetitionID, DivisionID, ArcherID, startDate, startTime) values (59, 59, 59, '2024-01-06', '4:07 AM');
insert into CompetitionTable (CompetitionID, DivisionID, ArcherID, startDate, startTime) values (60, 60, 60, '2024-03-20', '4:21 AM');
insert into CompetitionTable (CompetitionID, DivisionID, ArcherID, startDate, startTime) values (61, 61, 61, '2023-11-28', '6:25 PM');
insert into CompetitionTable (CompetitionID, DivisionID, ArcherID, startDate, startTime) values (62, 62, 62, '2023-10-18', '12:51 PM');
insert into CompetitionTable (CompetitionID, DivisionID, ArcherID, startDate, startTime) values (63, 63, 63, '2023-08-21', '2:49 AM');
insert into CompetitionTable (CompetitionID, DivisionID, ArcherID, startDate, startTime) values (64, 64, 64, '2023-12-13', '5:06 AM');
insert into CompetitionTable (CompetitionID, DivisionID, ArcherID, startDate, startTime) values (65, 65, 65, '2023-08-24', '4:46 PM');
insert into CompetitionTable (CompetitionID, DivisionID, ArcherID, startDate, startTime) values (66, 66, 66, '2024-01-29', '7:05 AM');
insert into CompetitionTable (CompetitionID, DivisionID, ArcherID, startDate, startTime) values (67, 67, 67, '2023-10-09', '5:29 AM');
insert into CompetitionTable (CompetitionID, DivisionID, ArcherID, startDate, startTime) values (68, 68, 68, '2023-11-17', '3:41 PM');
insert into CompetitionTable (CompetitionID, DivisionID, ArcherID, startDate, startTime) values (69, 69, 69, '2024-01-26', '11:00 PM');
insert into CompetitionTable (CompetitionID, DivisionID, ArcherID, startDate, startTime) values (70, 70, 70, '2023-11-27', '11:31 AM');
insert into CompetitionTable (CompetitionID, DivisionID, ArcherID, startDate, startTime) values (71, 71, 71, '2024-01-25', '8:58 PM');
insert into CompetitionTable (CompetitionID, DivisionID, ArcherID, startDate, startTime) values (72, 72, 72, '2024-05-29', '8:57 PM');
insert into CompetitionTable (CompetitionID, DivisionID, ArcherID, startDate, startTime) values (73, 73, 73, '2023-09-22', '5:50 AM');
insert into CompetitionTable (CompetitionID, DivisionID, ArcherID, startDate, startTime) values (74, 74, 74, '2023-09-28', '9:01 AM');
insert into CompetitionTable (CompetitionID, DivisionID, ArcherID, startDate, startTime) values (75, 75, 75, '2024-04-03', '1:26 PM');
insert into CompetitionTable (CompetitionID, DivisionID, ArcherID, startDate, startTime) values (76, 76, 76, '2023-11-01', '6:22 PM');
insert into CompetitionTable (CompetitionID, DivisionID, ArcherID, startDate, startTime) values (77, 77, 77, '2023-09-20', '9:49 PM');
insert into CompetitionTable (CompetitionID, DivisionID, ArcherID, startDate, startTime) values (78, 78, 78, '2024-04-25', '2:48 PM');
insert into CompetitionTable (CompetitionID, DivisionID, ArcherID, startDate, startTime) values (79, 79, 79, '2023-11-04', '4:29 PM');
insert into CompetitionTable (CompetitionID, DivisionID, ArcherID, startDate, startTime) values (80, 80, 80, '2023-06-29', '8:18 PM');
insert into CompetitionTable (CompetitionID, DivisionID, ArcherID, startDate, startTime) values (81, 81, 81, '2023-10-22', '10:27 AM');
insert into CompetitionTable (CompetitionID, DivisionID, ArcherID, startDate, startTime) values (82, 82, 82, '2024-03-27', '10:24 PM');
insert into CompetitionTable (CompetitionID, DivisionID, ArcherID, startDate, startTime) values (83, 83, 83, '2024-01-19', '6:17 AM');
insert into CompetitionTable (CompetitionID, DivisionID, ArcherID, startDate, startTime) values (84, 84, 84, '2023-12-14', '12:10 PM');
insert into CompetitionTable (CompetitionID, DivisionID, ArcherID, startDate, startTime) values (85, 85, 85, '2023-12-09', '4:44 PM');
insert into CompetitionTable (CompetitionID, DivisionID, ArcherID, startDate, startTime) values (86, 86, 86, '2024-02-09', '11:44 AM');
insert into CompetitionTable (CompetitionID, DivisionID, ArcherID, startDate, startTime) values (87, 87, 87, '2023-05-06', '10:36 PM');
insert into CompetitionTable (CompetitionID, DivisionID, ArcherID, startDate, startTime) values (88, 88, 88, '2023-07-27', '8:14 PM');
insert into CompetitionTable (CompetitionID, DivisionID, ArcherID, startDate, startTime) values (89, 89, 89, '2023-05-03', '6:24 PM');
insert into CompetitionTable (CompetitionID, DivisionID, ArcherID, startDate, startTime) values (90, 90, 90, '2023-07-30', '12:26 PM');
insert into CompetitionTable (CompetitionID, DivisionID, ArcherID, startDate, startTime) values (91, 91, 91, '2023-12-17', '8:52 AM');
insert into CompetitionTable (CompetitionID, DivisionID, ArcherID, startDate, startTime) values (92, 92, 92, '2023-07-02', '6:44 AM');
insert into CompetitionTable (CompetitionID, DivisionID, ArcherID, startDate, startTime) values (93, 93, 93, '2023-05-30', '9:08 PM');
insert into CompetitionTable (CompetitionID, DivisionID, ArcherID, startDate, startTime) values (94, 94, 94, '2023-08-03', '3:29 PM');
insert into CompetitionTable (CompetitionID, DivisionID, ArcherID, startDate, startTime) values (95, 95, 95, '2023-12-29', '6:40 AM');
insert into CompetitionTable (CompetitionID, DivisionID, ArcherID, startDate, startTime) values (96, 96, 96, '2023-06-06', '11:02 AM');
insert into CompetitionTable (CompetitionID, DivisionID, ArcherID, startDate, startTime) values (97, 97, 97, '2023-06-28', '11:34 AM');
insert into CompetitionTable (CompetitionID, DivisionID, ArcherID, startDate, startTime) values (98, 98, 98, '2024-02-22', '6:05 AM');
insert into CompetitionTable (CompetitionID, DivisionID, ArcherID, startDate, startTime) values (99, 99, 99, '2024-04-14', '5:41 AM');
insert into CompetitionTable (CompetitionID, DivisionID, ArcherID, startDate, startTime) values (100, 100, 100, '2023-05-31', '9:31 AM');


-- Inserting data into ScoreTable
insert into ScoreTable (ScoreID, ArcherID, CompetitionID, TotalScore) values (1, 1, 1, 57);
insert into ScoreTable (ScoreID, ArcherID, CompetitionID, TotalScore) values (2, 2, 2, 91);
insert into ScoreTable (ScoreID, ArcherID, CompetitionID, TotalScore) values (3, 3, 3, 53);
insert into ScoreTable (ScoreID, ArcherID, CompetitionID, TotalScore) values (4, 4, 4, 16);
insert into ScoreTable (ScoreID, ArcherID, CompetitionID, TotalScore) values (5, 5, 5, 3);
insert into ScoreTable (ScoreID, ArcherID, CompetitionID, TotalScore) values (6, 6, 6, 76);
insert into ScoreTable (ScoreID, ArcherID, CompetitionID, TotalScore) values (7, 7, 7, 100);
insert into ScoreTable (ScoreID, ArcherID, CompetitionID, TotalScore) values (8, 8, 8, 4);
insert into ScoreTable (ScoreID, ArcherID, CompetitionID, TotalScore) values (9, 9, 9, 88);
insert into ScoreTable (ScoreID, ArcherID, CompetitionID, TotalScore) values (10, 10, 10, 38);
insert into ScoreTable (ScoreID, ArcherID, CompetitionID, TotalScore) values (11, 11, 11, 87);
insert into ScoreTable (ScoreID, ArcherID, CompetitionID, TotalScore) values (12, 12, 12, 31);
insert into ScoreTable (ScoreID, ArcherID, CompetitionID, TotalScore) values (13, 13, 13, 16);
insert into ScoreTable (ScoreID, ArcherID, CompetitionID, TotalScore) values (14, 14, 14, 88);
insert into ScoreTable (ScoreID, ArcherID, CompetitionID, TotalScore) values (15, 15, 15, 52);
insert into ScoreTable (ScoreID, ArcherID, CompetitionID, TotalScore) values (16, 16, 16, 45);
insert into ScoreTable (ScoreID, ArcherID, CompetitionID, TotalScore) values (17, 17, 17, 54);
insert into ScoreTable (ScoreID, ArcherID, CompetitionID, TotalScore) values (18, 18, 18, 65);
insert into ScoreTable (ScoreID, ArcherID, CompetitionID, TotalScore) values (19, 19, 19, 42);
insert into ScoreTable (ScoreID, ArcherID, CompetitionID, TotalScore) values (20, 20, 20, 30);
insert into ScoreTable (ScoreID, ArcherID, CompetitionID, TotalScore) values (21, 21, 21, 85);
insert into ScoreTable (ScoreID, ArcherID, CompetitionID, TotalScore) values (22, 22, 22, 67);
insert into ScoreTable (ScoreID, ArcherID, CompetitionID, TotalScore) values (23, 23, 23, 56);
insert into ScoreTable (ScoreID, ArcherID, CompetitionID, TotalScore) values (24, 24, 24, 15);
insert into ScoreTable (ScoreID, ArcherID, CompetitionID, TotalScore) values (25, 25, 25, 13);
insert into ScoreTable (ScoreID, ArcherID, CompetitionID, TotalScore) values (26, 26, 26, 42);
insert into ScoreTable (ScoreID, ArcherID, CompetitionID, TotalScore) values (27, 27, 27, 16);
insert into ScoreTable (ScoreID, ArcherID, CompetitionID, TotalScore) values (28, 28, 28, 2);
insert into ScoreTable (ScoreID, ArcherID, CompetitionID, TotalScore) values (29, 29, 29, 55);
insert into ScoreTable (ScoreID, ArcherID, CompetitionID, TotalScore) values (30, 30, 30, 30);
insert into ScoreTable (ScoreID, ArcherID, CompetitionID, TotalScore) values (31, 31, 31, 93);
insert into ScoreTable (ScoreID, ArcherID, CompetitionID, TotalScore) values (32, 32, 32, 6);
insert into ScoreTable (ScoreID, ArcherID, CompetitionID, TotalScore) values (33, 33, 33, 22);
insert into ScoreTable (ScoreID, ArcherID, CompetitionID, TotalScore) values (34, 34, 34, 53);
insert into ScoreTable (ScoreID, ArcherID, CompetitionID, TotalScore) values (35, 35, 35, 90);
insert into ScoreTable (ScoreID, ArcherID, CompetitionID, TotalScore) values (36, 36, 36, 33);
insert into ScoreTable (ScoreID, ArcherID, CompetitionID, TotalScore) values (37, 37, 37, 25);
insert into ScoreTable (ScoreID, ArcherID, CompetitionID, TotalScore) values (38, 38, 38, 55);
insert into ScoreTable (ScoreID, ArcherID, CompetitionID, TotalScore) values (39, 39, 39, 29);
insert into ScoreTable (ScoreID, ArcherID, CompetitionID, TotalScore) values (40, 40, 40, 82);
insert into ScoreTable (ScoreID, ArcherID, CompetitionID, TotalScore) values (41, 41, 41, 88);
insert into ScoreTable (ScoreID, ArcherID, CompetitionID, TotalScore) values (42, 42, 42, 30);
insert into ScoreTable (ScoreID, ArcherID, CompetitionID, TotalScore) values (43, 43, 43, 77);
insert into ScoreTable (ScoreID, ArcherID, CompetitionID, TotalScore) values (44, 44, 44, 21);
insert into ScoreTable (ScoreID, ArcherID, CompetitionID, TotalScore) values (45, 45, 45, 63);
insert into ScoreTable (ScoreID, ArcherID, CompetitionID, TotalScore) values (46, 46, 46, 9);
insert into ScoreTable (ScoreID, ArcherID, CompetitionID, TotalScore) values (47, 47, 47, 56);
insert into ScoreTable (ScoreID, ArcherID, CompetitionID, TotalScore) values (48, 48, 48, 38);
insert into ScoreTable (ScoreID, ArcherID, CompetitionID, TotalScore) values (49, 49, 49, 19);
insert into ScoreTable (ScoreID, ArcherID, CompetitionID, TotalScore) values (50, 50, 50, 35);
insert into ScoreTable (ScoreID, ArcherID, CompetitionID, TotalScore) values (51, 51, 51, 3);
insert into ScoreTable (ScoreID, ArcherID, CompetitionID, TotalScore) values (52, 52, 52, 84);
insert into ScoreTable (ScoreID, ArcherID, CompetitionID, TotalScore) values (53, 53, 53, 86);
insert into ScoreTable (ScoreID, ArcherID, CompetitionID, TotalScore) values (54, 54, 54, 74);
insert into ScoreTable (ScoreID, ArcherID, CompetitionID, TotalScore) values (55, 55, 55, 42);
insert into ScoreTable (ScoreID, ArcherID, CompetitionID, TotalScore) values (56, 56, 56, 13);
insert into ScoreTable (ScoreID, ArcherID, CompetitionID, TotalScore) values (57, 57, 57, 86);
insert into ScoreTable (ScoreID, ArcherID, CompetitionID, TotalScore) values (58, 58, 58, 74);
insert into ScoreTable (ScoreID, ArcherID, CompetitionID, TotalScore) values (59, 59, 59, 74);
insert into ScoreTable (ScoreID, ArcherID, CompetitionID, TotalScore) values (60, 60, 60, 95);
insert into ScoreTable (ScoreID, ArcherID, CompetitionID, TotalScore) values (61, 61, 61, 94);
insert into ScoreTable (ScoreID, ArcherID, CompetitionID, TotalScore) values (62, 62, 62, 63);
insert into ScoreTable (ScoreID, ArcherID, CompetitionID, TotalScore) values (63, 63, 63, 98);
insert into ScoreTable (ScoreID, ArcherID, CompetitionID, TotalScore) values (64, 64, 64, 48);
insert into ScoreTable (ScoreID, ArcherID, CompetitionID, TotalScore) values (65, 65, 65, 54);
insert into ScoreTable (ScoreID, ArcherID, CompetitionID, TotalScore) values (66, 66, 66, 67);
insert into ScoreTable (ScoreID, ArcherID, CompetitionID, TotalScore) values (67, 67, 67, 67);
insert into ScoreTable (ScoreID, ArcherID, CompetitionID, TotalScore) values (68, 68, 68, 81);
insert into ScoreTable (ScoreID, ArcherID, CompetitionID, TotalScore) values (69, 69, 69, 6);
insert into ScoreTable (ScoreID, ArcherID, CompetitionID, TotalScore) values (70, 70, 70, 73);
insert into ScoreTable (ScoreID, ArcherID, CompetitionID, TotalScore) values (71, 71, 71, 60);
insert into ScoreTable (ScoreID, ArcherID, CompetitionID, TotalScore) values (72, 72, 72, 72);
insert into ScoreTable (ScoreID, ArcherID, CompetitionID, TotalScore) values (73, 73, 73, 25);
insert into ScoreTable (ScoreID, ArcherID, CompetitionID, TotalScore) values (74, 74, 74, 41);
insert into ScoreTable (ScoreID, ArcherID, CompetitionID, TotalScore) values (75, 75, 75, 14);
insert into ScoreTable (ScoreID, ArcherID, CompetitionID, TotalScore) values (76, 76, 76, 31);
insert into ScoreTable (ScoreID, ArcherID, CompetitionID, TotalScore) values (77, 77, 77, 77);
insert into ScoreTable (ScoreID, ArcherID, CompetitionID, TotalScore) values (78, 78, 78, 97);
insert into ScoreTable (ScoreID, ArcherID, CompetitionID, TotalScore) values (79, 79, 79, 22);
insert into ScoreTable (ScoreID, ArcherID, CompetitionID, TotalScore) values (80, 80, 80, 91);
insert into ScoreTable (ScoreID, ArcherID, CompetitionID, TotalScore) values (81, 81, 81, 85);
insert into ScoreTable (ScoreID, ArcherID, CompetitionID, TotalScore) values (82, 82, 82, 52);
insert into ScoreTable (ScoreID, ArcherID, CompetitionID, TotalScore) values (83, 83, 83, 34);
insert into ScoreTable (ScoreID, ArcherID, CompetitionID, TotalScore) values (84, 84, 84, 81);
insert into ScoreTable (ScoreID, ArcherID, CompetitionID, TotalScore) values (85, 85, 85, 52);
insert into ScoreTable (ScoreID, ArcherID, CompetitionID, TotalScore) values (86, 86, 86, 18);
insert into ScoreTable (ScoreID, ArcherID, CompetitionID, TotalScore) values (87, 87, 87, 43);
insert into ScoreTable (ScoreID, ArcherID, CompetitionID, TotalScore) values (88, 88, 88, 27);
insert into ScoreTable (ScoreID, ArcherID, CompetitionID, TotalScore) values (89, 89, 89, 97);
insert into ScoreTable (ScoreID, ArcherID, CompetitionID, TotalScore) values (90, 90, 90, 35);
insert into ScoreTable (ScoreID, ArcherID, CompetitionID, TotalScore) values (91, 91, 91, 69);
insert into ScoreTable (ScoreID, ArcherID, CompetitionID, TotalScore) values (92, 92, 92, 56);
insert into ScoreTable (ScoreID, ArcherID, CompetitionID, TotalScore) values (93, 93, 93, 87);
insert into ScoreTable (ScoreID, ArcherID, CompetitionID, TotalScore) values (94, 94, 94, 66);
insert into ScoreTable (ScoreID, ArcherID, CompetitionID, TotalScore) values (95, 95, 95, 98);
insert into ScoreTable (ScoreID, ArcherID, CompetitionID, TotalScore) values (96, 96, 96, 70);
insert into ScoreTable (ScoreID, ArcherID, CompetitionID, TotalScore) values (97, 97, 97, 36);
insert into ScoreTable (ScoreID, ArcherID, CompetitionID, TotalScore) values (98, 98, 98, 50);
insert into ScoreTable (ScoreID, ArcherID, CompetitionID, TotalScore) values (99, 99, 99, 49);
insert into ScoreTable (ScoreID, ArcherID, CompetitionID, TotalScore) values (100, 100, 100, 68);


-- Inserting data into RoundTable
insert into RoundTable (RoundID, CompetitionID, ScoreID, TargetDistance, ArrowAmount) values (1, 1, 1, 44.8, 92);
insert into RoundTable (RoundID, CompetitionID, ScoreID, TargetDistance, ArrowAmount) values (2, 2, 2, 92.3, 6);
insert into RoundTable (RoundID, CompetitionID, ScoreID, TargetDistance, ArrowAmount) values (3, 3, 3, 64.3, 34);
insert into RoundTable (RoundID, CompetitionID, ScoreID, TargetDistance, ArrowAmount) values (4, 4, 4, 62.6, 16);
insert into RoundTable (RoundID, CompetitionID, ScoreID, TargetDistance, ArrowAmount) values (5, 5, 5, 72.2, 85);
insert into RoundTable (RoundID, CompetitionID, ScoreID, TargetDistance, ArrowAmount) values (6, 6, 6, 44.2, 4);
insert into RoundTable (RoundID, CompetitionID, ScoreID, TargetDistance, ArrowAmount) values (7, 7, 7, 60.3, 92);
insert into RoundTable (RoundID, CompetitionID, ScoreID, TargetDistance, ArrowAmount) values (8, 8, 8, 14.2, 79);
insert into RoundTable (RoundID, CompetitionID, ScoreID, TargetDistance, ArrowAmount) values (9, 9, 9, 64.0, 21);
insert into RoundTable (RoundID, CompetitionID, ScoreID, TargetDistance, ArrowAmount) values (10, 10, 10, 28.0, 34);
insert into RoundTable (RoundID, CompetitionID, ScoreID, TargetDistance, ArrowAmount) values (11, 11, 11, 21.7, 79);
insert into RoundTable (RoundID, CompetitionID, ScoreID, TargetDistance, ArrowAmount) values (12, 12, 12, 35.8, 100);
insert into RoundTable (RoundID, CompetitionID, ScoreID, TargetDistance, ArrowAmount) values (13, 13, 13, 42.6, 62);
insert into RoundTable (RoundID, CompetitionID, ScoreID, TargetDistance, ArrowAmount) values (14, 14, 14, 38.8, 60);
insert into RoundTable (RoundID, CompetitionID, ScoreID, TargetDistance, ArrowAmount) values (15, 15, 15, 19.9, 18);
insert into RoundTable (RoundID, CompetitionID, ScoreID, TargetDistance, ArrowAmount) values (16, 16, 16, 60.6, 99);
insert into RoundTable (RoundID, CompetitionID, ScoreID, TargetDistance, ArrowAmount) values (17, 17, 17, 20.2, 40);
insert into RoundTable (RoundID, CompetitionID, ScoreID, TargetDistance, ArrowAmount) values (18, 18, 18, 45.4, 13);
insert into RoundTable (RoundID, CompetitionID, ScoreID, TargetDistance, ArrowAmount) values (19, 19, 19, 37.5, 89);
insert into RoundTable (RoundID, CompetitionID, ScoreID, TargetDistance, ArrowAmount) values (20, 20, 20, 99.2, 39);
insert into RoundTable (RoundID, CompetitionID, ScoreID, TargetDistance, ArrowAmount) values (21, 21, 21, 29.0, 88);
insert into RoundTable (RoundID, CompetitionID, ScoreID, TargetDistance, ArrowAmount) values (22, 22, 22, 99.9, 43);
insert into RoundTable (RoundID, CompetitionID, ScoreID, TargetDistance, ArrowAmount) values (23, 23, 23, 99.0, 69);
insert into RoundTable (RoundID, CompetitionID, ScoreID, TargetDistance, ArrowAmount) values (24, 24, 24, 10.3, 47);
insert into RoundTable (RoundID, CompetitionID, ScoreID, TargetDistance, ArrowAmount) values (25, 25, 25, 28.5, 99);
insert into RoundTable (RoundID, CompetitionID, ScoreID, TargetDistance, ArrowAmount) values (26, 26, 26, 2.3, 79);
insert into RoundTable (RoundID, CompetitionID, ScoreID, TargetDistance, ArrowAmount) values (27, 27, 27, 33.2, 60);
insert into RoundTable (RoundID, CompetitionID, ScoreID, TargetDistance, ArrowAmount) values (28, 28, 28, 79.2, 61);
insert into RoundTable (RoundID, CompetitionID, ScoreID, TargetDistance, ArrowAmount) values (29, 29, 29, 5.9, 80);
insert into RoundTable (RoundID, CompetitionID, ScoreID, TargetDistance, ArrowAmount) values (30, 30, 30, 35.1, 95);
insert into RoundTable (RoundID, CompetitionID, ScoreID, TargetDistance, ArrowAmount) values (31, 31, 31, 81.9, 27);
insert into RoundTable (RoundID, CompetitionID, ScoreID, TargetDistance, ArrowAmount) values (32, 32, 32, 95.1, 21);
insert into RoundTable (RoundID, CompetitionID, ScoreID, TargetDistance, ArrowAmount) values (33, 33, 33, 34.3, 13);
insert into RoundTable (RoundID, CompetitionID, ScoreID, TargetDistance, ArrowAmount) values (34, 34, 34, 42.6, 92);
insert into RoundTable (RoundID, CompetitionID, ScoreID, TargetDistance, ArrowAmount) values (35, 35, 35, 38.2, 3);
insert into RoundTable (RoundID, CompetitionID, ScoreID, TargetDistance, ArrowAmount) values (36, 36, 36, 24.6, 66);
insert into RoundTable (RoundID, CompetitionID, ScoreID, TargetDistance, ArrowAmount) values (37, 37, 37, 22.1, 5);
insert into RoundTable (RoundID, CompetitionID, ScoreID, TargetDistance, ArrowAmount) values (38, 38, 38, 61.3, 2);
insert into RoundTable (RoundID, CompetitionID, ScoreID, TargetDistance, ArrowAmount) values (39, 39, 39, 13.8, 93);
insert into RoundTable (RoundID, CompetitionID, ScoreID, TargetDistance, ArrowAmount) values (40, 40, 40, 43.6, 45);
insert into RoundTable (RoundID, CompetitionID, ScoreID, TargetDistance, ArrowAmount) values (41, 41, 41, 13.0, 23);
insert into RoundTable (RoundID, CompetitionID, ScoreID, TargetDistance, ArrowAmount) values (42, 42, 42, 94.8, 57);
insert into RoundTable (RoundID, CompetitionID, ScoreID, TargetDistance, ArrowAmount) values (43, 43, 43, 85.9, 41);
insert into RoundTable (RoundID, CompetitionID, ScoreID, TargetDistance, ArrowAmount) values (44, 44, 44, 57.6, 39);
insert into RoundTable (RoundID, CompetitionID, ScoreID, TargetDistance, ArrowAmount) values (45, 45, 45, 48.4, 28);
insert into RoundTable (RoundID, CompetitionID, ScoreID, TargetDistance, ArrowAmount) values (46, 46, 46, 73.5, 66);
insert into RoundTable (RoundID, CompetitionID, ScoreID, TargetDistance, ArrowAmount) values (47, 47, 47, 99.6, 94);
insert into RoundTable (RoundID, CompetitionID, ScoreID, TargetDistance, ArrowAmount) values (48, 48, 48, 8.3, 57);
insert into RoundTable (RoundID, CompetitionID, ScoreID, TargetDistance, ArrowAmount) values (49, 49, 49, 20.5, 49);
insert into RoundTable (RoundID, CompetitionID, ScoreID, TargetDistance, ArrowAmount) values (50, 50, 50, 1.3, 8);
insert into RoundTable (RoundID, CompetitionID, ScoreID, TargetDistance, ArrowAmount) values (51, 51, 51, 82.3, 91);
insert into RoundTable (RoundID, CompetitionID, ScoreID, TargetDistance, ArrowAmount) values (52, 52, 52, 42.6, 93);
insert into RoundTable (RoundID, CompetitionID, ScoreID, TargetDistance, ArrowAmount) values (53, 53, 53, 47.6, 83);
insert into RoundTable (RoundID, CompetitionID, ScoreID, TargetDistance, ArrowAmount) values (54, 54, 54, 8.1, 87);
insert into RoundTable (RoundID, CompetitionID, ScoreID, TargetDistance, ArrowAmount) values (55, 55, 55, 31.8, 73);
insert into RoundTable (RoundID, CompetitionID, ScoreID, TargetDistance, ArrowAmount) values (56, 56, 56, 73.4, 30);
insert into RoundTable (RoundID, CompetitionID, ScoreID, TargetDistance, ArrowAmount) values (57, 57, 57, 91.0, 7);
insert into RoundTable (RoundID, CompetitionID, ScoreID, TargetDistance, ArrowAmount) values (58, 58, 58, 59.9, 24);
insert into RoundTable (RoundID, CompetitionID, ScoreID, TargetDistance, ArrowAmount) values (59, 59, 59, 82.2, 89);
insert into RoundTable (RoundID, CompetitionID, ScoreID, TargetDistance, ArrowAmount) values (60, 60, 60, 50.1, 73);
insert into RoundTable (RoundID, CompetitionID, ScoreID, TargetDistance, ArrowAmount) values (61, 61, 61, 61.7, 91);
insert into RoundTable (RoundID, CompetitionID, ScoreID, TargetDistance, ArrowAmount) values (62, 62, 62, 49.1, 67);
insert into RoundTable (RoundID, CompetitionID, ScoreID, TargetDistance, ArrowAmount) values (63, 63, 63, 87.6, 3);
insert into RoundTable (RoundID, CompetitionID, ScoreID, TargetDistance, ArrowAmount) values (64, 64, 64, 68.0, 70);
insert into RoundTable (RoundID, CompetitionID, ScoreID, TargetDistance, ArrowAmount) values (65, 65, 65, 48.9, 83);
insert into RoundTable (RoundID, CompetitionID, ScoreID, TargetDistance, ArrowAmount) values (66, 66, 66, 12.9, 31);
insert into RoundTable (RoundID, CompetitionID, ScoreID, TargetDistance, ArrowAmount) values (67, 67, 67, 92.5, 38);
insert into RoundTable (RoundID, CompetitionID, ScoreID, TargetDistance, ArrowAmount) values (68, 68, 68, 50.6, 85);
insert into RoundTable (RoundID, CompetitionID, ScoreID, TargetDistance, ArrowAmount) values (69, 69, 69, 29.3, 2);
insert into RoundTable (RoundID, CompetitionID, ScoreID, TargetDistance, ArrowAmount) values (70, 70, 70, 56.4, 24);
insert into RoundTable (RoundID, CompetitionID, ScoreID, TargetDistance, ArrowAmount) values (71, 71, 71, 52.3, 47);
insert into RoundTable (RoundID, CompetitionID, ScoreID, TargetDistance, ArrowAmount) values (72, 72, 72, 33.9, 79);
insert into RoundTable (RoundID, CompetitionID, ScoreID, TargetDistance, ArrowAmount) values (73, 73, 73, 40.0, 47);
insert into RoundTable (RoundID, CompetitionID, ScoreID, TargetDistance, ArrowAmount) values (74, 74, 74, 28.6, 100);
insert into RoundTable (RoundID, CompetitionID, ScoreID, TargetDistance, ArrowAmount) values (75, 75, 75, 58.4, 62);
insert into RoundTable (RoundID, CompetitionID, ScoreID, TargetDistance, ArrowAmount) values (76, 76, 76, 92.4, 94);
insert into RoundTable (RoundID, CompetitionID, ScoreID, TargetDistance, ArrowAmount) values (77, 77, 77, 49.9, 25);
insert into RoundTable (RoundID, CompetitionID, ScoreID, TargetDistance, ArrowAmount) values (78, 78, 78, 80.9, 36);
insert into RoundTable (RoundID, CompetitionID, ScoreID, TargetDistance, ArrowAmount) values (79, 79, 79, 21.1, 65);
insert into RoundTable (RoundID, CompetitionID, ScoreID, TargetDistance, ArrowAmount) values (80, 80, 80, 16.7, 100);
insert into RoundTable (RoundID, CompetitionID, ScoreID, TargetDistance, ArrowAmount) values (81, 81, 81, 90.6, 43);
insert into RoundTable (RoundID, CompetitionID, ScoreID, TargetDistance, ArrowAmount) values (82, 82, 82, 4.8, 55);
insert into RoundTable (RoundID, CompetitionID, ScoreID, TargetDistance, ArrowAmount) values (83, 83, 83, 14.6, 100);
insert into RoundTable (RoundID, CompetitionID, ScoreID, TargetDistance, ArrowAmount) values (84, 84, 84, 76.0, 56);
insert into RoundTable (RoundID, CompetitionID, ScoreID, TargetDistance, ArrowAmount) values (85, 85, 85, 2.3, 94);
insert into RoundTable (RoundID, CompetitionID, ScoreID, TargetDistance, ArrowAmount) values (86, 86, 86, 20.2, 31);
insert into RoundTable (RoundID, CompetitionID, ScoreID, TargetDistance, ArrowAmount) values (87, 87, 87, 27.1, 99);
insert into RoundTable (RoundID, CompetitionID, ScoreID, TargetDistance, ArrowAmount) values (88, 88, 88, 75.2, 87);
insert into RoundTable (RoundID, CompetitionID, ScoreID, TargetDistance, ArrowAmount) values (89, 89, 89, 96.7, 68);
insert into RoundTable (RoundID, CompetitionID, ScoreID, TargetDistance, ArrowAmount) values (90, 90, 90, 41.1, 2);
insert into RoundTable (RoundID, CompetitionID, ScoreID, TargetDistance, ArrowAmount) values (91, 91, 91, 45.6, 72);
insert into RoundTable (RoundID, CompetitionID, ScoreID, TargetDistance, ArrowAmount) values (92, 92, 92, 87.6, 23);
insert into RoundTable (RoundID, CompetitionID, ScoreID, TargetDistance, ArrowAmount) values (93, 93, 93, 45.0, 91);
insert into RoundTable (RoundID, CompetitionID, ScoreID, TargetDistance, ArrowAmount) values (94, 94, 94, 97.6, 81);
insert into RoundTable (RoundID, CompetitionID, ScoreID, TargetDistance, ArrowAmount) values (95, 95, 95, 91.1, 3);
insert into RoundTable (RoundID, CompetitionID, ScoreID, TargetDistance, ArrowAmount) values (96, 96, 96, 34.7, 60);
insert into RoundTable (RoundID, CompetitionID, ScoreID, TargetDistance, ArrowAmount) values (97, 97, 97, 24.5, 59);
insert into RoundTable (RoundID, CompetitionID, ScoreID, TargetDistance, ArrowAmount) values (98, 98, 98, 78.7, 98);
insert into RoundTable (RoundID, CompetitionID, ScoreID, TargetDistance, ArrowAmount) values (99, 99, 99, 62.9, 80);
insert into RoundTable (RoundID, CompetitionID, ScoreID, TargetDistance, ArrowAmount) values (100, 100, 100, 20.1, 43);


-- Inserting data into ArrowTable
insert into ArrowTable (ArrowID, ArcherID, RoundIDeID, Arrow1, Arrow2, Arrow3, Arrow4, Arrow5, Arrow6) values (1, 1, 1, 80, 64, 63, 90, 96, 63);
insert into ArrowTable (ArrowID, ArcherID, RoundIDeID, Arrow1, Arrow2, Arrow3, Arrow4, Arrow5, Arrow6) values (2, 2, 2, 87, 31, 43, 2, 91, 68);
insert into ArrowTable (ArrowID, ArcherID, RoundIDeID, Arrow1, Arrow2, Arrow3, Arrow4, Arrow5, Arrow6) values (3, 3, 3, 85, 93, 19, 85, 5, 96);
insert into ArrowTable (ArrowID, ArcherID, RoundIDeID, Arrow1, Arrow2, Arrow3, Arrow4, Arrow5, Arrow6) values (4, 4, 4, 28, 85, 45, 64, 3, 83);
insert into ArrowTable (ArrowID, ArcherID, RoundIDeID, Arrow1, Arrow2, Arrow3, Arrow4, Arrow5, Arrow6) values (5, 5, 5, 9, 3, 95, 39, 72, 62);
insert into ArrowTable (ArrowID, ArcherID, RoundIDeID, Arrow1, Arrow2, Arrow3, Arrow4, Arrow5, Arrow6) values (6, 6, 6, 5, 74, 4, 20, 17, 12);
insert into ArrowTable (ArrowID, ArcherID, RoundIDeID, Arrow1, Arrow2, Arrow3, Arrow4, Arrow5, Arrow6) values (7, 7, 7, 18, 61, 63, 29, 92, 31);
insert into ArrowTable (ArrowID, ArcherID, RoundIDeID, Arrow1, Arrow2, Arrow3, Arrow4, Arrow5, Arrow6) values (8, 8, 8, 66, 17, 66, 63, 78, 31);
insert into ArrowTable (ArrowID, ArcherID, RoundIDeID, Arrow1, Arrow2, Arrow3, Arrow4, Arrow5, Arrow6) values (9, 9, 9, 88, 85, 73, 29, 93, 79);
insert into ArrowTable (ArrowID, ArcherID, RoundIDeID, Arrow1, Arrow2, Arrow3, Arrow4, Arrow5, Arrow6) values (10, 10, 10, 25, 21, 32, 48, 88, 91);
insert into ArrowTable (ArrowID, ArcherID, RoundIDeID, Arrow1, Arrow2, Arrow3, Arrow4, Arrow5, Arrow6) values (11, 11, 11, 1, 41, 23, 23, 59, 39);
insert into ArrowTable (ArrowID, ArcherID, RoundIDeID, Arrow1, Arrow2, Arrow3, Arrow4, Arrow5, Arrow6) values (12, 12, 12, 4, 76, 82, 9, 76, 5);
insert into ArrowTable (ArrowID, ArcherID, RoundIDeID, Arrow1, Arrow2, Arrow3, Arrow4, Arrow5, Arrow6) values (13, 13, 13, 2, 79, 51, 90, 44, 47);
insert into ArrowTable (ArrowID, ArcherID, RoundIDeID, Arrow1, Arrow2, Arrow3, Arrow4, Arrow5, Arrow6) values (14, 14, 14, 95, 77, 90, 52, 76, 22);
insert into ArrowTable (ArrowID, ArcherID, RoundIDeID, Arrow1, Arrow2, Arrow3, Arrow4, Arrow5, Arrow6) values (15, 15, 15, 64, 34, 13, 81, 60, 23);
insert into ArrowTable (ArrowID, ArcherID, RoundIDeID, Arrow1, Arrow2, Arrow3, Arrow4, Arrow5, Arrow6) values (16, 16, 16, 24, 17, 47, 86, 39, 79);
insert into ArrowTable (ArrowID, ArcherID, RoundIDeID, Arrow1, Arrow2, Arrow3, Arrow4, Arrow5, Arrow6) values (17, 17, 17, 2, 72, 23, 48, 26, 25);
insert into ArrowTable (ArrowID, ArcherID, RoundIDeID, Arrow1, Arrow2, Arrow3, Arrow4, Arrow5, Arrow6) values (18, 18, 18, 27, 97, 18, 3, 68, 93);
insert into ArrowTable (ArrowID, ArcherID, RoundIDeID, Arrow1, Arrow2, Arrow3, Arrow4, Arrow5, Arrow6) values (19, 19, 19, 25, 92, 49, 53, 13, 93);
insert into ArrowTable (ArrowID, ArcherID, RoundIDeID, Arrow1, Arrow2, Arrow3, Arrow4, Arrow5, Arrow6) values (20, 20, 20, 1, 43, 80, 57, 8, 66);
insert into ArrowTable (ArrowID, ArcherID, RoundIDeID, Arrow1, Arrow2, Arrow3, Arrow4, Arrow5, Arrow6) values (21, 21, 21, 84, 74, 10, 13, 19, 79);
insert into ArrowTable (ArrowID, ArcherID, RoundIDeID, Arrow1, Arrow2, Arrow3, Arrow4, Arrow5, Arrow6) values (22, 22, 22, 68, 76, 11, 93, 43, 41);
insert into ArrowTable (ArrowID, ArcherID, RoundIDeID, Arrow1, Arrow2, Arrow3, Arrow4, Arrow5, Arrow6) values (23, 23, 23, 1, 44, 21, 61, 60, 34);
insert into ArrowTable (ArrowID, ArcherID, RoundIDeID, Arrow1, Arrow2, Arrow3, Arrow4, Arrow5, Arrow6) values (24, 24, 24, 78, 14, 59, 43, 90, 98);
insert into ArrowTable (ArrowID, ArcherID, RoundIDeID, Arrow1, Arrow2, Arrow3, Arrow4, Arrow5, Arrow6) values (25, 25, 25, 61, 3, 48, 44, 18, 16);
insert into ArrowTable (ArrowID, ArcherID, RoundIDeID, Arrow1, Arrow2, Arrow3, Arrow4, Arrow5, Arrow6) values (26, 26, 26, 93, 40, 41, 94, 26, 82);
insert into ArrowTable (ArrowID, ArcherID, RoundIDeID, Arrow1, Arrow2, Arrow3, Arrow4, Arrow5, Arrow6) values (27, 27, 27, 8, 63, 44, 66, 70, 44);
insert into ArrowTable (ArrowID, ArcherID, RoundIDeID, Arrow1, Arrow2, Arrow3, Arrow4, Arrow5, Arrow6) values (28, 28, 28, 83, 36, 71, 74, 97, 41);
insert into ArrowTable (ArrowID, ArcherID, RoundIDeID, Arrow1, Arrow2, Arrow3, Arrow4, Arrow5, Arrow6) values (29, 29, 29, 38, 13, 82, 72, 87, 23);
insert into ArrowTable (ArrowID, ArcherID, RoundIDeID, Arrow1, Arrow2, Arrow3, Arrow4, Arrow5, Arrow6) values (30, 30, 30, 54, 41, 3, 28, 8, 25);
insert into ArrowTable (ArrowID, ArcherID, RoundIDeID, Arrow1, Arrow2, Arrow3, Arrow4, Arrow5, Arrow6) values (31, 31, 31, 67, 22, 48, 34, 86, 32);
insert into ArrowTable (ArrowID, ArcherID, RoundIDeID, Arrow1, Arrow2, Arrow3, Arrow4, Arrow5, Arrow6) values (32, 32, 32, 5, 22, 87, 95, 60, 50);
insert into ArrowTable (ArrowID, ArcherID, RoundIDeID, Arrow1, Arrow2, Arrow3, Arrow4, Arrow5, Arrow6) values (33, 33, 33, 40, 94, 56, 16, 17, 86);
insert into ArrowTable (ArrowID, ArcherID, RoundIDeID, Arrow1, Arrow2, Arrow3, Arrow4, Arrow5, Arrow6) values (34, 34, 34, 32, 70, 71, 10, 7, 60);
insert into ArrowTable (ArrowID, ArcherID, RoundIDeID, Arrow1, Arrow2, Arrow3, Arrow4, Arrow5, Arrow6) values (35, 35, 35, 33, 32, 60, 77, 55, 21);
insert into ArrowTable (ArrowID, ArcherID, RoundIDeID, Arrow1, Arrow2, Arrow3, Arrow4, Arrow5, Arrow6) values (36, 36, 36, 23, 73, 86, 88, 58, 22);
insert into ArrowTable (ArrowID, ArcherID, RoundIDeID, Arrow1, Arrow2, Arrow3, Arrow4, Arrow5, Arrow6) values (37, 37, 37, 25, 35, 5, 58, 14, 26);
insert into ArrowTable (ArrowID, ArcherID, RoundIDeID, Arrow1, Arrow2, Arrow3, Arrow4, Arrow5, Arrow6) values (38, 38, 38, 24, 52, 39, 76, 1, 39);
insert into ArrowTable (ArrowID, ArcherID, RoundIDeID, Arrow1, Arrow2, Arrow3, Arrow4, Arrow5, Arrow6) values (39, 39, 39, 11, 67, 64, 14, 31, 59);
insert into ArrowTable (ArrowID, ArcherID, RoundIDeID, Arrow1, Arrow2, Arrow3, Arrow4, Arrow5, Arrow6) values (40, 40, 40, 15, 75, 77, 35, 17, 99);
insert into ArrowTable (ArrowID, ArcherID, RoundIDeID, Arrow1, Arrow2, Arrow3, Arrow4, Arrow5, Arrow6) values (41, 41, 41, 18, 61, 84, 30, 95, 100);
insert into ArrowTable (ArrowID, ArcherID, RoundIDeID, Arrow1, Arrow2, Arrow3, Arrow4, Arrow5, Arrow6) values (42, 42, 42, 85, 85, 99, 47, 72, 94);
insert into ArrowTable (ArrowID, ArcherID, RoundIDeID, Arrow1, Arrow2, Arrow3, Arrow4, Arrow5, Arrow6) values (43, 43, 43, 2, 84, 49, 96, 42, 90);
insert into ArrowTable (ArrowID, ArcherID, RoundIDeID, Arrow1, Arrow2, Arrow3, Arrow4, Arrow5, Arrow6) values (44, 44, 44, 44, 80, 23, 4, 52, 40);
insert into ArrowTable (ArrowID, ArcherID, RoundIDeID, Arrow1, Arrow2, Arrow3, Arrow4, Arrow5, Arrow6) values (45, 45, 45, 99, 12, 25, 51, 84, 22);
insert into ArrowTable (ArrowID, ArcherID, RoundIDeID, Arrow1, Arrow2, Arrow3, Arrow4, Arrow5, Arrow6) values (46, 46, 46, 32, 77, 12, 15, 97, 88);
insert into ArrowTable (ArrowID, ArcherID, RoundIDeID, Arrow1, Arrow2, Arrow3, Arrow4, Arrow5, Arrow6) values (47, 47, 47, 95, 91, 33, 23, 15, 94);
insert into ArrowTable (ArrowID, ArcherID, RoundIDeID, Arrow1, Arrow2, Arrow3, Arrow4, Arrow5, Arrow6) values (48, 48, 48, 65, 85, 15, 11, 52, 84);
insert into ArrowTable (ArrowID, ArcherID, RoundIDeID, Arrow1, Arrow2, Arrow3, Arrow4, Arrow5, Arrow6) values (49, 49, 49, 33, 37, 62, 96, 73, 23);
insert into ArrowTable (ArrowID, ArcherID, RoundIDeID, Arrow1, Arrow2, Arrow3, Arrow4, Arrow5, Arrow6) values (50, 50, 50, 57, 94, 56, 14, 91, 10);
insert into ArrowTable (ArrowID, ArcherID, RoundIDeID, Arrow1, Arrow2, Arrow3, Arrow4, Arrow5, Arrow6) values (51, 51, 51, 99, 12, 64, 100, 33, 37);
insert into ArrowTable (ArrowID, ArcherID, RoundIDeID, Arrow1, Arrow2, Arrow3, Arrow4, Arrow5, Arrow6) values (52, 52, 52, 37, 72, 78, 96, 13, 11);
insert into ArrowTable (ArrowID, ArcherID, RoundIDeID, Arrow1, Arrow2, Arrow3, Arrow4, Arrow5, Arrow6) values (53, 53, 53, 36, 22, 46, 73, 94, 73);
insert into ArrowTable (ArrowID, ArcherID, RoundIDeID, Arrow1, Arrow2, Arrow3, Arrow4, Arrow5, Arrow6) values (54, 54, 54, 1, 74, 71, 46, 8, 36);
insert into ArrowTable (ArrowID, ArcherID, RoundIDeID, Arrow1, Arrow2, Arrow3, Arrow4, Arrow5, Arrow6) values (55, 55, 55, 49, 31, 97, 8, 47, 28);
insert into ArrowTable (ArrowID, ArcherID, RoundIDeID, Arrow1, Arrow2, Arrow3, Arrow4, Arrow5, Arrow6) values (56, 56, 56, 88, 22, 82, 33, 46, 6);
insert into ArrowTable (ArrowID, ArcherID, RoundIDeID, Arrow1, Arrow2, Arrow3, Arrow4, Arrow5, Arrow6) values (57, 57, 57, 89, 69, 22, 27, 6, 52);
insert into ArrowTable (ArrowID, ArcherID, RoundIDeID, Arrow1, Arrow2, Arrow3, Arrow4, Arrow5, Arrow6) values (58, 58, 58, 97, 85, 28, 24, 40, 31);
insert into ArrowTable (ArrowID, ArcherID, RoundIDeID, Arrow1, Arrow2, Arrow3, Arrow4, Arrow5, Arrow6) values (59, 59, 59, 91, 86, 76, 97, 22, 17);
insert into ArrowTable (ArrowID, ArcherID, RoundIDeID, Arrow1, Arrow2, Arrow3, Arrow4, Arrow5, Arrow6) values (60, 60, 60, 32, 1, 63, 68, 6, 38);
insert into ArrowTable (ArrowID, ArcherID, RoundIDeID, Arrow1, Arrow2, Arrow3, Arrow4, Arrow5, Arrow6) values (61, 61, 61, 71, 35, 28, 42, 84, 9);
insert into ArrowTable (ArrowID, ArcherID, RoundIDeID, Arrow1, Arrow2, Arrow3, Arrow4, Arrow5, Arrow6) values (62, 62, 62, 41, 71, 24, 49, 33, 97);
insert into ArrowTable (ArrowID, ArcherID, RoundIDeID, Arrow1, Arrow2, Arrow3, Arrow4, Arrow5, Arrow6) values (63, 63, 63, 6, 52, 90, 91, 59, 38);
insert into ArrowTable (ArrowID, ArcherID, RoundIDeID, Arrow1, Arrow2, Arrow3, Arrow4, Arrow5, Arrow6) values (64, 64, 64, 32, 52, 18, 82, 9, 30);
insert into ArrowTable (ArrowID, ArcherID, RoundIDeID, Arrow1, Arrow2, Arrow3, Arrow4, Arrow5, Arrow6) values (65, 65, 65, 32, 24, 98, 86, 88, 48);
insert into ArrowTable (ArrowID, ArcherID, RoundIDeID, Arrow1, Arrow2, Arrow3, Arrow4, Arrow5, Arrow6) values (66, 66, 66, 54, 71, 52, 58, 75, 37);
insert into ArrowTable (ArrowID, ArcherID, RoundIDeID, Arrow1, Arrow2, Arrow3, Arrow4, Arrow5, Arrow6) values (67, 67, 67, 64, 64, 52, 8, 58, 4);
insert into ArrowTable (ArrowID, ArcherID, RoundIDeID, Arrow1, Arrow2, Arrow3, Arrow4, Arrow5, Arrow6) values (68, 68, 68, 62, 85, 55, 26, 82, 29);
insert into ArrowTable (ArrowID, ArcherID, RoundIDeID, Arrow1, Arrow2, Arrow3, Arrow4, Arrow5, Arrow6) values (69, 69, 69, 11, 90, 78, 74, 78, 2);
insert into ArrowTable (ArrowID, ArcherID, RoundIDeID, Arrow1, Arrow2, Arrow3, Arrow4, Arrow5, Arrow6) values (70, 70, 70, 19, 48, 32, 84, 64, 77);
insert into ArrowTable (ArrowID, ArcherID, RoundIDeID, Arrow1, Arrow2, Arrow3, Arrow4, Arrow5, Arrow6) values (71, 71, 71, 91, 23, 15, 19, 43, 32);
insert into ArrowTable (ArrowID, ArcherID, RoundIDeID, Arrow1, Arrow2, Arrow3, Arrow4, Arrow5, Arrow6) values (72, 72, 72, 23, 76, 71, 21, 7, 69);
insert into ArrowTable (ArrowID, ArcherID, RoundIDeID, Arrow1, Arrow2, Arrow3, Arrow4, Arrow5, Arrow6) values (73, 73, 73, 79, 2, 41, 44, 9, 93);
insert into ArrowTable (ArrowID, ArcherID, RoundIDeID, Arrow1, Arrow2, Arrow3, Arrow4, Arrow5, Arrow6) values (74, 74, 74, 6, 5, 78, 9, 55, 2);
insert into ArrowTable (ArrowID, ArcherID, RoundIDeID, Arrow1, Arrow2, Arrow3, Arrow4, Arrow5, Arrow6) values (75, 75, 75, 54, 28, 17, 69, 86, 60);
insert into ArrowTable (ArrowID, ArcherID, RoundIDeID, Arrow1, Arrow2, Arrow3, Arrow4, Arrow5, Arrow6) values (76, 76, 76, 17, 1, 87, 12, 91, 19);
insert into ArrowTable (ArrowID, ArcherID, RoundIDeID, Arrow1, Arrow2, Arrow3, Arrow4, Arrow5, Arrow6) values (77, 77, 77, 73, 22, 45, 68, 57, 67);
insert into ArrowTable (ArrowID, ArcherID, RoundIDeID, Arrow1, Arrow2, Arrow3, Arrow4, Arrow5, Arrow6) values (78, 78, 78, 55, 4, 40, 22, 36, 45);
insert into ArrowTable (ArrowID, ArcherID, RoundIDeID, Arrow1, Arrow2, Arrow3, Arrow4, Arrow5, Arrow6) values (79, 79, 79, 89, 86, 52, 47, 98, 31);
insert into ArrowTable (ArrowID, ArcherID, RoundIDeID, Arrow1, Arrow2, Arrow3, Arrow4, Arrow5, Arrow6) values (80, 80, 80, 50, 70, 44, 8, 94, 95);
insert into ArrowTable (ArrowID, ArcherID, RoundIDeID, Arrow1, Arrow2, Arrow3, Arrow4, Arrow5, Arrow6) values (81, 81, 81, 62, 90, 75, 9, 83, 79);
insert into ArrowTable (ArrowID, ArcherID, RoundIDeID, Arrow1, Arrow2, Arrow3, Arrow4, Arrow5, Arrow6) values (82, 82, 82, 5, 97, 8, 73, 31, 2);
insert into ArrowTable (ArrowID, ArcherID, RoundIDeID, Arrow1, Arrow2, Arrow3, Arrow4, Arrow5, Arrow6) values (83, 83, 83, 66, 24, 60, 58, 10, 10);
insert into ArrowTable (ArrowID, ArcherID, RoundIDeID, Arrow1, Arrow2, Arrow3, Arrow4, Arrow5, Arrow6) values (84, 84, 84, 38, 25, 8, 40, 93, 9);
insert into ArrowTable (ArrowID, ArcherID, RoundIDeID, Arrow1, Arrow2, Arrow3, Arrow4, Arrow5, Arrow6) values (85, 85, 85, 30, 53, 41, 87, 70, 57);
insert into ArrowTable (ArrowID, ArcherID, RoundIDeID, Arrow1, Arrow2, Arrow3, Arrow4, Arrow5, Arrow6) values (86, 86, 86, 6, 65, 82, 6, 66, 60);
insert into ArrowTable (ArrowID, ArcherID, RoundIDeID, Arrow1, Arrow2, Arrow3, Arrow4, Arrow5, Arrow6) values (87, 87, 87, 63, 31, 58, 52, 61, 18);
insert into ArrowTable (ArrowID, ArcherID, RoundIDeID, Arrow1, Arrow2, Arrow3, Arrow4, Arrow5, Arrow6) values (88, 88, 88, 25, 48, 57, 2, 32, 25);
insert into ArrowTable (ArrowID, ArcherID, RoundIDeID, Arrow1, Arrow2, Arrow3, Arrow4, Arrow5, Arrow6) values (89, 89, 89, 9, 80, 43, 24, 56, 67);
insert into ArrowTable (ArrowID, ArcherID, RoundIDeID, Arrow1, Arrow2, Arrow3, Arrow4, Arrow5, Arrow6) values (90, 90, 90, 75, 10, 90, 44, 54, 90);
insert into ArrowTable (ArrowID, ArcherID, RoundIDeID, Arrow1, Arrow2, Arrow3, Arrow4, Arrow5, Arrow6) values (91, 91, 91, 20, 38, 35, 2, 46, 66);
insert into ArrowTable (ArrowID, ArcherID, RoundIDeID, Arrow1, Arrow2, Arrow3, Arrow4, Arrow5, Arrow6) values (92, 92, 92, 17, 9, 48, 72, 7, 36);
insert into ArrowTable (ArrowID, ArcherID, RoundIDeID, Arrow1, Arrow2, Arrow3, Arrow4, Arrow5, Arrow6) values (93, 93, 93, 86, 74, 46, 24, 44, 4);
insert into ArrowTable (ArrowID, ArcherID, RoundIDeID, Arrow1, Arrow2, Arrow3, Arrow4, Arrow5, Arrow6) values (94, 94, 94, 86, 49, 33, 47, 62, 39);
insert into ArrowTable (ArrowID, ArcherID, RoundIDeID, Arrow1, Arrow2, Arrow3, Arrow4, Arrow5, Arrow6) values (95, 95, 95, 70, 20, 93, 4, 20, 91);
insert into ArrowTable (ArrowID, ArcherID, RoundIDeID, Arrow1, Arrow2, Arrow3, Arrow4, Arrow5, Arrow6) values (96, 96, 96, 57, 41, 20, 80, 64, 52);
insert into ArrowTable (ArrowID, ArcherID, RoundIDeID, Arrow1, Arrow2, Arrow3, Arrow4, Arrow5, Arrow6) values (97, 97, 97, 96, 18, 99, 45, 67, 31);
insert into ArrowTable (ArrowID, ArcherID, RoundIDeID, Arrow1, Arrow2, Arrow3, Arrow4, Arrow5, Arrow6) values (98, 98, 98, 1, 92, 4, 9, 21, 7);
insert into ArrowTable (ArrowID, ArcherID, RoundIDeID, Arrow1, Arrow2, Arrow3, Arrow4, Arrow5, Arrow6) values (99, 99, 99, 50, 53, 6, 45, 59, 77);
insert into ArrowTable (ArrowID, ArcherID, RoundIDeID, Arrow1, Arrow2, Arrow3, Arrow4, Arrow5, Arrow6) values (100, 100, 100, 75, 58, 97, 27, 24, 63);

