--Inserting data into ArcherTable
insert into ArcherTable (ArcherID, FirstName, LastName, PhoneNumber, Street, Suburb, City, Postcode, Age, Gender) values (1, 'Rhodie', 'Rider', '3309705020', '76 Cascade Parkway', 'Ohio', 'Akron', '44310', 61, 'Non-binary');
insert into ArcherTable (ArcherID, FirstName, LastName, PhoneNumber, Street, Suburb, City, Postcode, Age, Gender) values (2, 'Teador', 'Keems', '5109040337', '035 Debs Plaza', 'California', 'Oakland', '94611', 39, 'Male');
insert into ArcherTable (ArcherID, FirstName, LastName, PhoneNumber, Street, Suburb, City, Postcode, Age, Gender) values (3, 'Marcos', 'Escoffrey', '2028489773', '63454 Starling Point', 'District of Columbia', 'Washington', '20310', 10, 'Male');
insert into ArcherTable (ArcherID, FirstName, LastName, PhoneNumber, Street, Suburb, City, Postcode, Age, Gender) values (4, 'Dewain', 'Mathes', '7274882327', '2671 Kedzie Way', 'Florida', 'Largo', '34643', 44, 'Male');
insert into ArcherTable (ArcherID, FirstName, LastName, PhoneNumber, Street, Suburb, City, Postcode, Age, Gender) values (5, 'Reinwald', 'Livermore', '3105725267', '0097 Canary Trail', 'California', 'Long Beach', '90805', 71, 'Male');
insert into ArcherTable (ArcherID, FirstName, LastName, PhoneNumber, Street, Suburb, City, Postcode, Age, Gender) values (6, 'Fax', 'Royal', '2026192081', '42730 Farragut Hill', 'District of Columbia', 'Washington', '20057', 23, 'Male');
insert into ArcherTable (ArcherID, FirstName, LastName, PhoneNumber, Street, Suburb, City, Postcode, Age, Gender) values (7, 'Harriett', 'Sirmond', '4699471523', '81509 Commercial Center', 'Texas', 'Dallas', '75205', 49, 'Female');
insert into ArcherTable (ArcherID, FirstName, LastName, PhoneNumber, Street, Suburb, City, Postcode, Age, Gender) values (8, 'Enriqueta', 'Caret', '4103720641', '6164 Oneill Center', 'Maryland', 'Baltimore', '21229', 34, 'Female');
insert into ArcherTable (ArcherID, FirstName, LastName, PhoneNumber, Street, Suburb, City, Postcode, Age, Gender) values (9, 'Luigi', 'Shoreson', '8182669440', '35082 Comanche Road', 'California', 'Santa Monica', '90405', 89, 'Male');
insert into ArcherTable (ArcherID, FirstName, LastName, PhoneNumber, Street, Suburb, City, Postcode, Age, Gender) values (10, 'Trevor', 'Lishmund', '9153608144', '17 New Castle Hill', 'Texas', 'El Paso', '88546', 48, 'Male');
insert into ArcherTable (ArcherID, FirstName, LastName, PhoneNumber, Street, Suburb, City, Postcode, Age, Gender) values (11, 'Johannah', 'Pomphrett', '2624208573', '3 Transport Trail', 'Wisconsin', 'Racine', '53405', 23, 'Female');
insert into ArcherTable (ArcherID, FirstName, LastName, PhoneNumber, Street, Suburb, City, Postcode, Age, Gender) values (12, 'Tim', 'Sheirlaw', '7759379566', '04 Springs Avenue', 'Nevada', 'Reno', '89519', 34, 'Female');
insert into ArcherTable (ArcherID, FirstName, LastName, PhoneNumber, Street, Suburb, City, Postcode, Age, Gender) values (13, 'Blakeley', 'Mantha', '2161454637', '10 Summer Ridge Crossing', 'Ohio', 'Cleveland', '44191', 27, 'Female');
insert into ArcherTable (ArcherID, FirstName, LastName, PhoneNumber, Street, Suburb, City, Postcode, Age, Gender) values (14, 'Elane', 'Cartlidge', '7197471136', '099 Talisman Alley', 'Colorado', 'Colorado Springs', '80915', 34, 'Female');
insert into ArcherTable (ArcherID, FirstName, LastName, PhoneNumber, Street, Suburb, City, Postcode, Age, Gender) values (15, 'Drucy', 'Loyd', '5857441233', '709 Hagan Drive', 'New York', 'Rochester', '14619', 31, 'Genderfluid');
insert into ArcherTable (ArcherID, FirstName, LastName, PhoneNumber, Street, Suburb, City, Postcode, Age, Gender) values (16, 'Janet', 'Larroway', '9048847552', '72 Old Shore Park', 'Florida', 'Saint Augustine', '32092', 76, 'Female');
insert into ArcherTable (ArcherID, FirstName, LastName, PhoneNumber, Street, Suburb, City, Postcode, Age, Gender) values (17, 'Kalvin', 'MacAnespie', '2402879166', '6 Sachtjen Park', 'Maryland', 'Frederick', '21705', 22, 'Male');
insert into ArcherTable (ArcherID, FirstName, LastName, PhoneNumber, Street, Suburb, City, Postcode, Age, Gender) values (18, 'Kylie', 'Nellen', '9158175998', '73 Lakeland Junction', 'Texas', 'El Paso', '88579', 54, 'Non-binary');
insert into ArcherTable (ArcherID, FirstName, LastName, PhoneNumber, Street, Suburb, City, Postcode, Age, Gender) values (19, 'Nadia', 'Dellar', '8143503584', '3708 Judy Avenue', 'Pennsylvania', 'Erie', '16550', 36, 'Female');
insert into ArcherTable (ArcherID, FirstName, LastName, PhoneNumber, Street, Suburb, City, Postcode, Age, Gender) values (20, 'Leeanne', 'Brauner', '9529307682', '686 Darwin Alley', 'Minnesota', 'Young America', '55551', 67, 'Agender');
insert into ArcherTable (ArcherID, FirstName, LastName, PhoneNumber, Street, Suburb, City, Postcode, Age, Gender) values (21, 'Montague', 'Blumson', '5174702579', '98715 Lyons Way', 'Michigan', 'Lansing', '48901', 14, 'Male');
insert into ArcherTable (ArcherID, FirstName, LastName, PhoneNumber, Street, Suburb, City, Postcode, Age, Gender) values (22, 'Ricky', 'Dunridge', '3125378575', '9098 Morrow Road', 'Illinois', 'Chicago', '60614', 46, 'Male');
insert into ArcherTable (ArcherID, FirstName, LastName, PhoneNumber, Street, Suburb, City, Postcode, Age, Gender) values (23, 'Culver', 'Roxbrough', '3235845939', '470 8th Lane', 'California', 'Los Angeles', '90015', 12, 'Bigender');
insert into ArcherTable (ArcherID, FirstName, LastName, PhoneNumber, Street, Suburb, City, Postcode, Age, Gender) values (24, 'Thibaud', 'Sills', '2605144562', '66915 Dapin Plaza', 'Indiana', 'Fort Wayne', '46896', 75, 'Male');
insert into ArcherTable (ArcherID, FirstName, LastName, PhoneNumber, Street, Suburb, City, Postcode, Age, Gender) values (25, 'Sonnie', 'Beavon', '7188643494', '32244 Mccormick Center', 'New York', 'Jamaica', '11480', 60, 'Male');
insert into ArcherTable (ArcherID, FirstName, LastName, PhoneNumber, Street, Suburb, City, Postcode, Age, Gender) values (26, 'Dawn', 'Vize', '7186049644', '24 Bayside Avenue', 'New York', 'Bronx', '10459', 42, 'Genderfluid');
insert into ArcherTable (ArcherID, FirstName, LastName, PhoneNumber, Street, Suburb, City, Postcode, Age, Gender) values (27, 'Valentina', 'Rominov', '2671840121', '98222 Clove Way', 'Pennsylvania', 'Philadelphia', '19146', 80, 'Female');
insert into ArcherTable (ArcherID, FirstName, LastName, PhoneNumber, Street, Suburb, City, Postcode, Age, Gender) values (28, 'Marsiella', 'Schneidau', '3866438273', '29008 Marcy Trail', 'Florida', 'Daytona Beach', '32123', 53, 'Female');
insert into ArcherTable (ArcherID, FirstName, LastName, PhoneNumber, Street, Suburb, City, Postcode, Age, Gender) values (29, 'Pauletta', 'Cunney', '3075295053', '74 Union Way', 'Wyoming', 'Cheyenne', '82007', 71, 'Female');
insert into ArcherTable (ArcherID, FirstName, LastName, PhoneNumber, Street, Suburb, City, Postcode, Age, Gender) values (30, 'Omero', 'Clymo', '3121152309', '614 Dryden Point', 'Illinois', 'Schaumburg', '60193', 19, 'Male');
insert into ArcherTable (ArcherID, FirstName, LastName, PhoneNumber, Street, Suburb, City, Postcode, Age, Gender) values (31, 'Malanie', 'Kingsly', '3047206341', '51750 Bultman Center', 'West Virginia', 'Huntington', '25726', 67, 'Female');
insert into ArcherTable (ArcherID, FirstName, LastName, PhoneNumber, Street, Suburb, City, Postcode, Age, Gender) values (32, 'Simmonds', 'Kroch', '8101133065', '76018 Stuart Crossing', 'Michigan', 'Detroit', '48211', 61, 'Male');
insert into ArcherTable (ArcherID, FirstName, LastName, PhoneNumber, Street, Suburb, City, Postcode, Age, Gender) values (33, 'Eustace', 'Saller', '3186625775', '542 Eliot Point', 'Louisiana', 'Shreveport', '71115', 25, 'Male');
insert into ArcherTable (ArcherID, FirstName, LastName, PhoneNumber, Street, Suburb, City, Postcode, Age, Gender) values (34, 'Blinny', 'Tucsell', '2165342732', '78 Kennedy Place', 'Ohio', 'Cleveland', '44130', 29, 'Female');
insert into ArcherTable (ArcherID, FirstName, LastName, PhoneNumber, Street, Suburb, City, Postcode, Age, Gender) values (35, 'Lesley', 'Diddams', '8136572063', '4 Trailsway Alley', 'Florida', 'Tampa', '33647', 24, 'Male');
insert into ArcherTable (ArcherID, FirstName, LastName, PhoneNumber, Street, Suburb, City, Postcode, Age, Gender) values (36, 'Liuka', 'Donegan', '3304522502', '85 Del Sol Parkway', 'Ohio', 'Akron', '44310', 26, 'Female');
insert into ArcherTable (ArcherID, FirstName, LastName, PhoneNumber, Street, Suburb, City, Postcode, Age, Gender) values (37, 'Kris', 'Renhard', '5091259963', '7173 Northland Point', 'Washington', 'Spokane', '99205', 63, 'Female');
insert into ArcherTable (ArcherID, FirstName, LastName, PhoneNumber, Street, Suburb, City, Postcode, Age, Gender) values (38, 'Matthias', 'Cluer', '2093436506', '8367 Victoria Crossing', 'California', 'Modesto', '95354', 81, 'Male');
insert into ArcherTable (ArcherID, FirstName, LastName, PhoneNumber, Street, Suburb, City, Postcode, Age, Gender) values (39, 'Raffaello', 'Clausner', '8068791334', '41552 Mcguire Lane', 'Texas', 'Amarillo', '79159', 22, 'Male');
insert into ArcherTable (ArcherID, FirstName, LastName, PhoneNumber, Street, Suburb, City, Postcode, Age, Gender) values (40, 'Rodolfo', 'Whitney', '3044144841', '5728 Bunker Hill Place', 'West Virginia', 'Charleston', '25331', 49, 'Male');
insert into ArcherTable (ArcherID, FirstName, LastName, PhoneNumber, Street, Suburb, City, Postcode, Age, Gender) values (41, 'Giulio', 'Saben', '3609280913', '41456 American Ash Street', 'Washington', 'Vancouver', '98687', 69, 'Male');
insert into ArcherTable (ArcherID, FirstName, LastName, PhoneNumber, Street, Suburb, City, Postcode, Age, Gender) values (42, 'Lee', 'Astbury', '3135805986', '7848 Del Sol Circle', 'Michigan', 'Detroit', '48232', 53, 'Male');
insert into ArcherTable (ArcherID, FirstName, LastName, PhoneNumber, Street, Suburb, City, Postcode, Age, Gender) values (43, 'Irvine', 'Kofax', '7138858107', '25095 Lyons Alley', 'Texas', 'Houston', '77212', 45, 'Male');
insert into ArcherTable (ArcherID, FirstName, LastName, PhoneNumber, Street, Suburb, City, Postcode, Age, Gender) values (44, 'Nikki', 'Lavell', '9402263502', '79940 David Road', 'Texas', 'Wichita Falls', '76310', 36, 'Male');
insert into ArcherTable (ArcherID, FirstName, LastName, PhoneNumber, Street, Suburb, City, Postcode, Age, Gender) values (45, 'Therese', 'Backhouse', '6463950639', '4 Gulseth Street', 'New York', 'New York City', '10165', 70, 'Female');
insert into ArcherTable (ArcherID, FirstName, LastName, PhoneNumber, Street, Suburb, City, Postcode, Age, Gender) values (46, 'Forrest', 'Messitt', '6619505663', '27123 Morningstar Lane', 'California', 'Bakersfield', '93381', 53, 'Male');
insert into ArcherTable (ArcherID, FirstName, LastName, PhoneNumber, Street, Suburb, City, Postcode, Age, Gender) values (47, 'Malory', 'Stut', '4044890742', '863 Jackson Parkway', 'Georgia', 'Atlanta', '31106', 85, 'Female');
insert into ArcherTable (ArcherID, FirstName, LastName, PhoneNumber, Street, Suburb, City, Postcode, Age, Gender) values (48, 'Osborn', 'Matejic', '7132811314', '8334 Debra Pass', 'Texas', 'Houston', '77223', 90, 'Agender');
insert into ArcherTable (ArcherID, FirstName, LastName, PhoneNumber, Street, Suburb, City, Postcode, Age, Gender) values (49, 'Trix', 'Harhoff', '7021765878', '2 Jenifer Alley', 'Nevada', 'Las Vegas', '89125', 54, 'Female');
insert into ArcherTable (ArcherID, FirstName, LastName, PhoneNumber, Street, Suburb, City, Postcode, Age, Gender) values (50, 'Charlene', 'Elizabeth', '9173186589', '7961 Birchwood Street', 'New York', 'Brooklyn', '11236', 34, 'Female');
insert into ArcherTable (ArcherID, FirstName, LastName, PhoneNumber, Street, Suburb, City, Postcode, Age, Gender) values (51, 'Kirbee', 'Rippon', '3136670862', '716 Surrey Court', 'Michigan', 'Southfield', '48076', 32, 'Female');
insert into ArcherTable (ArcherID, FirstName, LastName, PhoneNumber, Street, Suburb, City, Postcode, Age, Gender) values (52, 'Nari', 'Twigley', '4046288304', '7 Walton Point', 'Georgia', 'Atlanta', '30375', 43, 'Female');
insert into ArcherTable (ArcherID, FirstName, LastName, PhoneNumber, Street, Suburb, City, Postcode, Age, Gender) values (53, 'Gunner', 'Sowter', '2603498883', '828 Crowley Junction', 'Indiana', 'Fort Wayne', '46867', 10, 'Male');
insert into ArcherTable (ArcherID, FirstName, LastName, PhoneNumber, Street, Suburb, City, Postcode, Age, Gender) values (54, 'Wilt', 'Kleanthous', '4253074425', '8897 Del Mar Street', 'Washington', 'Kent', '98042', 17, 'Male');
insert into ArcherTable (ArcherID, FirstName, LastName, PhoneNumber, Street, Suburb, City, Postcode, Age, Gender) values (55, 'Benyamin', 'Windress', '8163964181', '29 Sycamore Lane', 'Missouri', 'Kansas City', '64144', 25, 'Male');
insert into ArcherTable (ArcherID, FirstName, LastName, PhoneNumber, Street, Suburb, City, Postcode, Age, Gender) values (56, 'Edgar', 'Widdison', '4059650906', '87 Thackeray Road', 'Oklahoma', 'Oklahoma City', '73114', 73, 'Male');
insert into ArcherTable (ArcherID, FirstName, LastName, PhoneNumber, Street, Suburb, City, Postcode, Age, Gender) values (57, 'Reamonn', 'Plunket', '7188197409', '18931 Morningstar Way', 'New York', 'New York City', '10014', 82, 'Male');
insert into ArcherTable (ArcherID, FirstName, LastName, PhoneNumber, Street, Suburb, City, Postcode, Age, Gender) values (58, 'Kayla', 'Brawn', '2036772136', '3 Summerview Center', 'Connecticut', 'New Haven', '06533', 82, 'Female');
insert into ArcherTable (ArcherID, FirstName, LastName, PhoneNumber, Street, Suburb, City, Postcode, Age, Gender) values (59, 'Candra', 'Pickerill', '7207073217', '20174 Jay Street', 'Colorado', 'Arvada', '80005', 54, 'Female');
insert into ArcherTable (ArcherID, FirstName, LastName, PhoneNumber, Street, Suburb, City, Postcode, Age, Gender) values (60, 'Roanne', 'McIlherran', '2517441327', '7049 Derek Center', 'Alabama', 'Mobile', '36689', 43, 'Female');
insert into ArcherTable (ArcherID, FirstName, LastName, PhoneNumber, Street, Suburb, City, Postcode, Age, Gender) values (61, 'Arturo', 'Ward', '6129579352', '523 Fremont Pass', 'Minnesota', 'Minneapolis', '55480', 62, 'Male');
insert into ArcherTable (ArcherID, FirstName, LastName, PhoneNumber, Street, Suburb, City, Postcode, Age, Gender) values (62, 'Kirk', 'Portlock', '8064984805', '19825 Porter Parkway', 'Texas', 'Amarillo', '79118', 73, 'Non-binary');
insert into ArcherTable (ArcherID, FirstName, LastName, PhoneNumber, Street, Suburb, City, Postcode, Age, Gender) values (63, 'Drona', 'Krauss', '8067778375', '059 Eagan Place', 'Texas', 'Amarillo', '79182', 15, 'Female');
insert into ArcherTable (ArcherID, FirstName, LastName, PhoneNumber, Street, Suburb, City, Postcode, Age, Gender) values (64, 'Chrotoem', 'Crosfeld', '2125731301', '18654 Prairieview Way', 'New York', 'New York City', '10090', 27, 'Male');
insert into ArcherTable (ArcherID, FirstName, LastName, PhoneNumber, Street, Suburb, City, Postcode, Age, Gender) values (65, 'Gusta', 'Tzarkov', '4698556753', '4434 Cottonwood Avenue', 'Texas', 'Dallas', '75205', 75, 'Female');
insert into ArcherTable (ArcherID, FirstName, LastName, PhoneNumber, Street, Suburb, City, Postcode, Age, Gender) values (66, 'Maisey', 'Tysall', '5139759030', '967 Haas Place', 'Ohio', 'Cincinnati', '45233', 14, 'Female');
insert into ArcherTable (ArcherID, FirstName, LastName, PhoneNumber, Street, Suburb, City, Postcode, Age, Gender) values (67, 'Darrin', 'Chainey', '8502092825', '9 Eliot Trail', 'Florida', 'Tallahassee', '32314', 17, 'Bigender');
insert into ArcherTable (ArcherID, FirstName, LastName, PhoneNumber, Street, Suburb, City, Postcode, Age, Gender) values (68, 'Freddi', 'Fearenside', '6508582548', '61643 Summerview Junction', 'California', 'Redwood City', '94064', 62, 'Female');
insert into ArcherTable (ArcherID, FirstName, LastName, PhoneNumber, Street, Suburb, City, Postcode, Age, Gender) values (69, 'Devland', 'Munroe', '2158139575', '6306 Forest Avenue', 'Pennsylvania', 'Philadelphia', '19141', 32, 'Male');
insert into ArcherTable (ArcherID, FirstName, LastName, PhoneNumber, Street, Suburb, City, Postcode, Age, Gender) values (70, 'Dietrich', 'Erridge', '7544021102', '04914 Waubesa Alley', 'Florida', 'Pompano Beach', '33075', 41, 'Non-binary');
insert into ArcherTable (ArcherID, FirstName, LastName, PhoneNumber, Street, Suburb, City, Postcode, Age, Gender) values (71, 'Frederigo', 'Sibbald', '4809075726', '5 Drewry Court', 'Arizona', 'Phoenix', '85040', 31, 'Male');
insert into ArcherTable (ArcherID, FirstName, LastName, PhoneNumber, Street, Suburb, City, Postcode, Age, Gender) values (72, 'Tillie', 'Francello', '2137127759', '647 Acker Terrace', 'California', 'Los Angeles', '90055', 65, 'Female');
insert into ArcherTable (ArcherID, FirstName, LastName, PhoneNumber, Street, Suburb, City, Postcode, Age, Gender) values (73, 'Berny', 'Cudiff', '2601440987', '2 Eggendart Way', 'Indiana', 'Fort Wayne', '46857', 38, 'Male');
insert into ArcherTable (ArcherID, FirstName, LastName, PhoneNumber, Street, Suburb, City, Postcode, Age, Gender) values (74, 'Matthaeus', 'Bittlestone', '5626330569', '4 Cottonwood Alley', 'California', 'Long Beach', '90840', 27, 'Male');
insert into ArcherTable (ArcherID, FirstName, LastName, PhoneNumber, Street, Suburb, City, Postcode, Age, Gender) values (75, 'Roddy', 'Manueli', '4023940379', '9467 Rieder Circle', 'Nebraska', 'Omaha', '68105', 62, 'Agender');
insert into ArcherTable (ArcherID, FirstName, LastName, PhoneNumber, Street, Suburb, City, Postcode, Age, Gender) values (76, 'Darrelle', 'Draisey', '8473352152', '339 Forest Run Place', 'Illinois', 'Evanston', '60208', 85, 'Female');
insert into ArcherTable (ArcherID, FirstName, LastName, PhoneNumber, Street, Suburb, City, Postcode, Age, Gender) values (77, 'Maribelle', 'Schonfeld', '9152791493', '04 Lyons Circle', 'Texas', 'El Paso', '79928', 43, 'Female');
insert into ArcherTable (ArcherID, FirstName, LastName, PhoneNumber, Street, Suburb, City, Postcode, Age, Gender) values (78, 'Darb', 'Sangra', '9044357056', '32 Reindahl Terrace', 'Florida', 'Jacksonville', '32230', 25, 'Genderqueer');
insert into ArcherTable (ArcherID, FirstName, LastName, PhoneNumber, Street, Suburb, City, Postcode, Age, Gender) values (79, 'Zacharia', 'Bamsey', '3524896165', '37 Holmberg Court', 'Florida', 'Ocala', '34474', 28, 'Male');
insert into ArcherTable (ArcherID, FirstName, LastName, PhoneNumber, Street, Suburb, City, Postcode, Age, Gender) values (80, 'Sloan', 'Caukill', '6019115829', '3 Muir Alley', 'Mississippi', 'Jackson', '39296', 29, 'Male');
insert into ArcherTable (ArcherID, FirstName, LastName, PhoneNumber, Street, Suburb, City, Postcode, Age, Gender) values (81, 'Kenon', 'Brettell', '4064221550', '05 Elka Pass', 'Montana', 'Bozeman', '59771', 12, 'Male');
insert into ArcherTable (ArcherID, FirstName, LastName, PhoneNumber, Street, Suburb, City, Postcode, Age, Gender) values (82, 'Abraham', 'Crouch', '7174541999', '8142 New Castle Circle', 'Pennsylvania', 'York', '17405', 68, 'Male');
insert into ArcherTable (ArcherID, FirstName, LastName, PhoneNumber, Street, Suburb, City, Postcode, Age, Gender) values (83, 'Charlot', 'Eddie', '5121664034', '29527 Sommers Plaza', 'Texas', 'Austin', '78764', 45, 'Polygender');
insert into ArcherTable (ArcherID, FirstName, LastName, PhoneNumber, Street, Suburb, City, Postcode, Age, Gender) values (84, 'Nicolette', 'Teasey', '7867481244', '3138 Dovetail Point', 'Florida', 'Miami', '33142', 45, 'Female');
insert into ArcherTable (ArcherID, FirstName, LastName, PhoneNumber, Street, Suburb, City, Postcode, Age, Gender) values (85, 'Abraham', 'Raikes', '5026788041', '57829 Debs Court', 'Kentucky', 'Louisville', '40256', 88, 'Genderfluid');
insert into ArcherTable (ArcherID, FirstName, LastName, PhoneNumber, Street, Suburb, City, Postcode, Age, Gender) values (86, 'Elinore', 'Presidey', '9019818357', '3 Pawling Lane', 'Tennessee', 'Memphis', '38188', 54, 'Female');
insert into ArcherTable (ArcherID, FirstName, LastName, PhoneNumber, Street, Suburb, City, Postcode, Age, Gender) values (87, 'Kinna', 'Conen', '9379070172', '1373 Forster Way', 'Ohio', 'Hamilton', '45020', 78, 'Female');
insert into ArcherTable (ArcherID, FirstName, LastName, PhoneNumber, Street, Suburb, City, Postcode, Age, Gender) values (88, 'Elissa', 'Buzzing', '3096561195', '6 Mallory Hill', 'Illinois', 'Peoria', '61614', 57, 'Female');
insert into ArcherTable (ArcherID, FirstName, LastName, PhoneNumber, Street, Suburb, City, Postcode, Age, Gender) values (89, 'Sayer', 'Jaquest', '8149723660', '58301 Sheridan Avenue', 'Pennsylvania', 'Johnstown', '15906', 88, 'Male');
insert into ArcherTable (ArcherID, FirstName, LastName, PhoneNumber, Street, Suburb, City, Postcode, Age, Gender) values (90, 'Inigo', 'Weedon', '4075162394', '185 Hanson Drive', 'Florida', 'Orlando', '32891', 45, 'Male');
insert into ArcherTable (ArcherID, FirstName, LastName, PhoneNumber, Street, Suburb, City, Postcode, Age, Gender) values (91, 'Page', 'Chesney', '5189509706', '94 Merrick Court', 'New York', 'Albany', '12242', 79, 'Male');
insert into ArcherTable (ArcherID, FirstName, LastName, PhoneNumber, Street, Suburb, City, Postcode, Age, Gender) values (92, 'Gnni', 'Ingleston', '3616772358', '6 Hagan Court', 'Texas', 'Corpus Christi', '78410', 70, 'Female');
insert into ArcherTable (ArcherID, FirstName, LastName, PhoneNumber, Street, Suburb, City, Postcode, Age, Gender) values (93, 'Benson', 'Borthwick', '6026692264', '56 Oak Valley Terrace', 'Arizona', 'Phoenix', '85083', 56, 'Non-binary');
insert into ArcherTable (ArcherID, FirstName, LastName, PhoneNumber, Street, Suburb, City, Postcode, Age, Gender) values (94, 'Dionisio', 'Aslam', '2028918416', '559 Northfield Circle', 'District of Columbia', 'Washington', '20414', 36, 'Male');
insert into ArcherTable (ArcherID, FirstName, LastName, PhoneNumber, Street, Suburb, City, Postcode, Age, Gender) values (95, 'Piggy', 'Clipsham', '7165087750', '63493 Ridge Oak Road', 'New York', 'Buffalo', '14269', 45, 'Male');
insert into ArcherTable (ArcherID, FirstName, LastName, PhoneNumber, Street, Suburb, City, Postcode, Age, Gender) values (96, 'Myra', 'Danielczyk', '5136309969', '2 Tennyson Lane', 'Ohio', 'Cincinnati', '45228', 90, 'Female');
insert into ArcherTable (ArcherID, FirstName, LastName, PhoneNumber, Street, Suburb, City, Postcode, Age, Gender) values (97, 'Jason', 'Cuffe', '7139421424', '713 Cascade Pass', 'Texas', 'Houston', '77015', 39, 'Male');
insert into ArcherTable (ArcherID, FirstName, LastName, PhoneNumber, Street, Suburb, City, Postcode, Age, Gender) values (98, 'Quent', 'Rubrow', '7278405041', '2132 Morrow Alley', 'Florida', 'Saint Petersburg', '33742', 74, 'Male');
insert into ArcherTable (ArcherID, FirstName, LastName, PhoneNumber, Street, Suburb, City, Postcode, Age, Gender) values (99, 'Carmon', 'Hansmann', '2099124209', '3 Dorton Point', 'California', 'Modesto', '95397', 14, 'Female');
insert into ArcherTable (ArcherID, FirstName, LastName, PhoneNumber, Street, Suburb, City, Postcode, Age, Gender) values (100, 'Stanwood', 'Woolley', '6053623861', '7243 Summerview Terrace', 'South Dakota', 'Sioux Falls', '57110', 50, 'Male');


-- Inserting data into ClubScorerTable??
insert into ClubScorerTable (ClubScorerID, FirstName, LastName, PhoneNumber, Street, Suburb, City, Postcode, Age, Gender) values (1, 'Sonja', 'Jefford', '9932260507', '90044 Farmco Trail', 'Puerto Santander', 'Naro-Fominsk', '548037', 95, 'F');
insert into ClubScorerTable (ClubScorerID, FirstName, LastName, PhoneNumber, Street, Suburb, City, Postcode, Age, Gender) values (2, 'Gwenny', 'Tibbetts', '6553409652', '3300 Claremont Crossing', 'Macheng', 'Shihuiyao', null, 94, 'F');
insert into ClubScorerTable (ClubScorerID, FirstName, LastName, PhoneNumber, Street, Suburb, City, Postcode, Age, Gender) values (3, 'Edna', 'Rockhall', '9016743609', '16085 Jackson Pass', 'Aguilar', 'Ngoc Hon Doc', '2415', 2, 'F');
insert into ClubScorerTable (ClubScorerID, FirstName, LastName, PhoneNumber, Street, Suburb, City, Postcode, Age, Gender) values (4, 'Gherardo', 'MacMeeking', '9429835958', '958 Londonderry Junction', 'Brades', 'Dongxi', null, 37, 'M');
insert into ClubScorerTable (ClubScorerID, FirstName, LastName, PhoneNumber, Street, Suburb, City, Postcode, Age, Gender) values (5, 'Delmore', 'Killock', '4796754838', '482 Hoard Junction', 'Wolin', 'Izmaylovo', '72-510', 77, 'M');


-- Inserting data into DivisionTable
INSERT INTO DivisionTable (DivisionID, Gender, Age, Recurve, Compound, RecurveBarebow, CompoundBarebow, Longbow)
VALUES
(1, 'Female', NULL, 1, 1, 0, 0, 0), -- Female Open
(2, 'Male', NULL, 1, 1, 1, 1, 1), -- Male Open
(3, 'Female', 50, 1, 0, 0, 1, 0), -- Female 50+
(4, 'Male', 50, 1, 0, 0, 0, 1), -- Male 50+
(5, 'Female', 60, 0, 0, 0, 1, 1), -- Female 60+
(6, 'Male', 60, 0, 0, 0, 0, 1), -- Male 60+
(7, 'Female', 70, 1, 0, 0, 1, 1), -- Female 70+
(8, 'Male', 70, 1, 0, 1, 0, 0), -- Male 70+
(9, 'Female', 21, 0, 0, 0, 1, 1), -- Under 21 Female
(10, 'Male', 21, 0, 1, 0, 1, 1), -- Under 21 Male
(11, 'Female', 18, 0, 1, 1, 0, 0), -- Under 18 Female
(12, 'Male', 18, 1, 0, 0, 0, 1), -- Under 18 Male
(13, 'Female', 16, 0, 0, 0, 0, 1), -- Under 16 Female
(14, 'Male', 16, 1, 0, 0, 0, 1), -- Under 16 Male
(15, 'Female', 14, 0, 1, 0, 1, 1), -- Under 14 Female
(16, 'Male', 14, 0, 0, 0, 1, 1); -- Under 14 Male


-- Inserting data into CompetitionTable
insert into CompetitionTable (CompetitionID, DivisionID, ArcherID, startDate, startTime) values (1, 6, 16, '2024-05-13', '7:22 AM');
insert into CompetitionTable (CompetitionID, DivisionID, ArcherID, startDate, startTime) values (2, 1, 53, '2024-01-15', '1:51 AM');
insert into CompetitionTable (CompetitionID, DivisionID, ArcherID, startDate, startTime) values (3, 13, 99, '2024-04-15', '4:28 PM');
insert into CompetitionTable (CompetitionID, DivisionID, ArcherID, startDate, startTime) values (4, 16, 98, '2023-08-11', '6:10 PM');
insert into CompetitionTable (CompetitionID, DivisionID, ArcherID, startDate, startTime) values (5, 11, 12, '2024-02-21', '5:32 AM');
insert into CompetitionTable (CompetitionID, DivisionID, ArcherID, startDate, startTime) values (6, 8, 32, '2023-05-16', '4:14 AM');
insert into CompetitionTable (CompetitionID, DivisionID, ArcherID, startDate, startTime) values (7, 10, 8, '2023-08-23', '2:48 AM');
insert into CompetitionTable (CompetitionID, DivisionID, ArcherID, startDate, startTime) values (8, 6, 86, '2024-01-10', '9:27 AM');
insert into CompetitionTable (CompetitionID, DivisionID, ArcherID, startDate, startTime) values (9, 15, 89, '2023-09-06', '5:06 AM');
insert into CompetitionTable (CompetitionID, DivisionID, ArcherID, startDate, startTime) values (10, 8, 88, '2024-03-30', '11:42 AM');
insert into CompetitionTable (CompetitionID, DivisionID, ArcherID, startDate, startTime) values (11, 11, 40, '2023-06-28', '6:30 AM');
insert into CompetitionTable (CompetitionID, DivisionID, ArcherID, startDate, startTime) values (12, 5, 93, '2024-03-02', '12:52 AM');
insert into CompetitionTable (CompetitionID, DivisionID, ArcherID, startDate, startTime) values (13, 1, 92, '2023-08-27', '10:53 PM');
insert into CompetitionTable (CompetitionID, DivisionID, ArcherID, startDate, startTime) values (14, 15, 15, '2023-08-25', '6:03 PM');
insert into CompetitionTable (CompetitionID, DivisionID, ArcherID, startDate, startTime) values (15, 3, 87, '2023-05-29', '6:51 AM');
insert into CompetitionTable (CompetitionID, DivisionID, ArcherID, startDate, startTime) values (16, 4, 13, '2023-08-23', '12:31 PM');
insert into CompetitionTable (CompetitionID, DivisionID, ArcherID, startDate, startTime) values (17, 15, 77, '2024-04-15', '5:25 AM');
insert into CompetitionTable (CompetitionID, DivisionID, ArcherID, startDate, startTime) values (18, 10, 59, '2023-07-24', '4:27 AM');
insert into CompetitionTable (CompetitionID, DivisionID, ArcherID, startDate, startTime) values (19, 9, 9, '2024-02-24', '3:34 AM');
insert into CompetitionTable (CompetitionID, DivisionID, ArcherID, startDate, startTime) values (20, 1, 61, '2024-01-17', '3:43 PM');
insert into CompetitionTable (CompetitionID, DivisionID, ArcherID, startDate, startTime) values (21, 8, 96, '2023-10-17', '1:53 AM');
insert into CompetitionTable (CompetitionID, DivisionID, ArcherID, startDate, startTime) values (22, 14, 17, '2024-02-05', '2:23 PM');
insert into CompetitionTable (CompetitionID, DivisionID, ArcherID, startDate, startTime) values (23, 5, 48, '2024-01-03', '4:58 AM');
insert into CompetitionTable (CompetitionID, DivisionID, ArcherID, startDate, startTime) values (24, 9, 17, '2023-08-27', '7:50 PM');
insert into CompetitionTable (CompetitionID, DivisionID, ArcherID, startDate, startTime) values (25, 4, 48, '2023-06-29', '7:02 AM');
insert into CompetitionTable (CompetitionID, DivisionID, ArcherID, startDate, startTime) values (26, 8, 78, '2023-08-15', '12:02 AM');
insert into CompetitionTable (CompetitionID, DivisionID, ArcherID, startDate, startTime) values (27, 12, 1, '2023-10-12', '2:31 AM');
insert into CompetitionTable (CompetitionID, DivisionID, ArcherID, startDate, startTime) values (28, 6, 79, '2023-06-03', '6:16 AM');
insert into CompetitionTable (CompetitionID, DivisionID, ArcherID, startDate, startTime) values (29, 2, 81, '2023-08-30', '8:43 PM');
insert into CompetitionTable (CompetitionID, DivisionID, ArcherID, startDate, startTime) values (30, 8, 95, '2023-07-10', '4:02 PM');
insert into CompetitionTable (CompetitionID, DivisionID, ArcherID, startDate, startTime) values (31, 9, 16, '2024-05-17', '7:40 AM');
insert into CompetitionTable (CompetitionID, DivisionID, ArcherID, startDate, startTime) values (32, 9, 71, '2023-08-01', '10:26 AM');
insert into CompetitionTable (CompetitionID, DivisionID, ArcherID, startDate, startTime) values (33, 5, 68, '2023-08-17', '12:31 AM');
insert into CompetitionTable (CompetitionID, DivisionID, ArcherID, startDate, startTime) values (34, 2, 32, '2023-07-21', '6:45 AM');
insert into CompetitionTable (CompetitionID, DivisionID, ArcherID, startDate, startTime) values (35, 8, 58, '2024-01-07', '8:31 AM');
insert into CompetitionTable (CompetitionID, DivisionID, ArcherID, startDate, startTime) values (36, 2, 15, '2023-11-20', '3:08 PM');
insert into CompetitionTable (CompetitionID, DivisionID, ArcherID, startDate, startTime) values (37, 3, 46, '2024-05-10', '7:24 AM');
insert into CompetitionTable (CompetitionID, DivisionID, ArcherID, startDate, startTime) values (38, 7, 5, '2023-07-28', '9:02 PM');
insert into CompetitionTable (CompetitionID, DivisionID, ArcherID, startDate, startTime) values (39, 8, 3, '2023-12-05', '2:34 PM');
insert into CompetitionTable (CompetitionID, DivisionID, ArcherID, startDate, startTime) values (40, 10, 59, '2024-01-10', '4:55 PM');
insert into CompetitionTable (CompetitionID, DivisionID, ArcherID, startDate, startTime) values (41, 5, 52, '2024-04-19', '9:17 AM');
insert into CompetitionTable (CompetitionID, DivisionID, ArcherID, startDate, startTime) values (42, 15, 63, '2023-10-31', '12:08 PM');
insert into CompetitionTable (CompetitionID, DivisionID, ArcherID, startDate, startTime) values (43, 5, 85, '2023-06-18', '12:40 PM');
insert into CompetitionTable (CompetitionID, DivisionID, ArcherID, startDate, startTime) values (44, 15, 47, '2024-03-22', '1:23 PM');
insert into CompetitionTable (CompetitionID, DivisionID, ArcherID, startDate, startTime) values (45, 12, 71, '2024-02-05', '2:32 PM');
insert into CompetitionTable (CompetitionID, DivisionID, ArcherID, startDate, startTime) values (46, 13, 35, '2024-02-02', '10:29 AM');
insert into CompetitionTable (CompetitionID, DivisionID, ArcherID, startDate, startTime) values (47, 6, 31, '2024-02-10', '2:05 AM');
insert into CompetitionTable (CompetitionID, DivisionID, ArcherID, startDate, startTime) values (48, 12, 59, '2023-12-20', '7:42 PM');
insert into CompetitionTable (CompetitionID, DivisionID, ArcherID, startDate, startTime) values (49, 7, 76, '2024-03-18', '6:06 AM');
insert into CompetitionTable (CompetitionID, DivisionID, ArcherID, startDate, startTime) values (50, 9, 73, '2024-04-29', '8:40 AM');
insert into CompetitionTable (CompetitionID, DivisionID, ArcherID, startDate, startTime) values (51, 12, 85, '2023-11-29', '6:34 PM');
insert into CompetitionTable (CompetitionID, DivisionID, ArcherID, startDate, startTime) values (52, 16, 3, '2024-02-02', '10:53 PM');
insert into CompetitionTable (CompetitionID, DivisionID, ArcherID, startDate, startTime) values (53, 7, 39, '2023-12-27', '6:42 AM');
insert into CompetitionTable (CompetitionID, DivisionID, ArcherID, startDate, startTime) values (54, 11, 64, '2023-07-15', '2:53 PM');
insert into CompetitionTable (CompetitionID, DivisionID, ArcherID, startDate, startTime) values (55, 2, 15, '2024-01-24', '9:09 AM');
insert into CompetitionTable (CompetitionID, DivisionID, ArcherID, startDate, startTime) values (56, 8, 69, '2023-10-24', '5:41 PM');
insert into CompetitionTable (CompetitionID, DivisionID, ArcherID, startDate, startTime) values (57, 4, 46, '2023-08-27', '8:19 PM');
insert into CompetitionTable (CompetitionID, DivisionID, ArcherID, startDate, startTime) values (58, 9, 51, '2024-03-07', '3:21 PM');
insert into CompetitionTable (CompetitionID, DivisionID, ArcherID, startDate, startTime) values (59, 1, 26, '2023-06-24', '10:58 PM');
insert into CompetitionTable (CompetitionID, DivisionID, ArcherID, startDate, startTime) values (60, 2, 74, '2023-06-09', '10:07 PM');
insert into CompetitionTable (CompetitionID, DivisionID, ArcherID, startDate, startTime) values (61, 10, 11, '2024-01-09', '5:05 AM');
insert into CompetitionTable (CompetitionID, DivisionID, ArcherID, startDate, startTime) values (62, 7, 48, '2024-04-16', '6:14 AM');
insert into CompetitionTable (CompetitionID, DivisionID, ArcherID, startDate, startTime) values (63, 14, 34, '2024-01-04', '6:41 PM');
insert into CompetitionTable (CompetitionID, DivisionID, ArcherID, startDate, startTime) values (64, 2, 72, '2023-11-12', '9:59 AM');
insert into CompetitionTable (CompetitionID, DivisionID, ArcherID, startDate, startTime) values (65, 9, 61, '2024-02-25', '8:15 AM');
insert into CompetitionTable (CompetitionID, DivisionID, ArcherID, startDate, startTime) values (66, 16, 35, '2023-06-22', '10:03 PM');
insert into CompetitionTable (CompetitionID, DivisionID, ArcherID, startDate, startTime) values (67, 8, 44, '2023-05-04', '3:19 PM');
insert into CompetitionTable (CompetitionID, DivisionID, ArcherID, startDate, startTime) values (68, 11, 6, '2023-09-10', '6:23 AM');
insert into CompetitionTable (CompetitionID, DivisionID, ArcherID, startDate, startTime) values (69, 16, 34, '2023-09-26', '11:28 PM');
insert into CompetitionTable (CompetitionID, DivisionID, ArcherID, startDate, startTime) values (70, 4, 82, '2023-07-17', '11:03 AM');
insert into CompetitionTable (CompetitionID, DivisionID, ArcherID, startDate, startTime) values (71, 13, 97, '2024-04-08', '7:03 PM');
insert into CompetitionTable (CompetitionID, DivisionID, ArcherID, startDate, startTime) values (72, 9, 7, '2024-04-18', '6:01 AM');
insert into CompetitionTable (CompetitionID, DivisionID, ArcherID, startDate, startTime) values (73, 16, 28, '2023-12-03', '10:07 AM');
insert into CompetitionTable (CompetitionID, DivisionID, ArcherID, startDate, startTime) values (74, 4, 81, '2024-01-09', '9:33 PM');
insert into CompetitionTable (CompetitionID, DivisionID, ArcherID, startDate, startTime) values (75, 9, 43, '2023-12-04', '5:02 AM');
insert into CompetitionTable (CompetitionID, DivisionID, ArcherID, startDate, startTime) values (76, 15, 67, '2024-01-27', '6:13 PM');
insert into CompetitionTable (CompetitionID, DivisionID, ArcherID, startDate, startTime) values (77, 12, 2, '2023-08-12', '11:45 AM');
insert into CompetitionTable (CompetitionID, DivisionID, ArcherID, startDate, startTime) values (78, 3, 15, '2023-07-18', '2:08 AM');
insert into CompetitionTable (CompetitionID, DivisionID, ArcherID, startDate, startTime) values (79, 11, 15, '2024-05-13', '12:09 PM');
insert into CompetitionTable (CompetitionID, DivisionID, ArcherID, startDate, startTime) values (80, 2, 66, '2023-11-23', '10:55 PM');
insert into CompetitionTable (CompetitionID, DivisionID, ArcherID, startDate, startTime) values (81, 4, 88, '2024-01-20', '11:51 PM');
insert into CompetitionTable (CompetitionID, DivisionID, ArcherID, startDate, startTime) values (82, 10, 100, '2023-10-03', '9:03 AM');
insert into CompetitionTable (CompetitionID, DivisionID, ArcherID, startDate, startTime) values (83, 7, 2, '2023-09-17', '5:17 PM');
insert into CompetitionTable (CompetitionID, DivisionID, ArcherID, startDate, startTime) values (84, 10, 86, '2024-04-14', '5:24 PM');
insert into CompetitionTable (CompetitionID, DivisionID, ArcherID, startDate, startTime) values (85, 9, 88, '2024-03-16', '6:45 AM');
insert into CompetitionTable (CompetitionID, DivisionID, ArcherID, startDate, startTime) values (86, 7, 22, '2024-04-17', '12:35 PM');
insert into CompetitionTable (CompetitionID, DivisionID, ArcherID, startDate, startTime) values (87, 12, 31, '2023-12-29', '2:14 AM');
insert into CompetitionTable (CompetitionID, DivisionID, ArcherID, startDate, startTime) values (88, 12, 28, '2023-06-26', '3:31 PM');
insert into CompetitionTable (CompetitionID, DivisionID, ArcherID, startDate, startTime) values (89, 8, 70, '2023-07-09', '8:16 PM');
insert into CompetitionTable (CompetitionID, DivisionID, ArcherID, startDate, startTime) values (90, 15, 19, '2024-01-06', '7:30 PM');
insert into CompetitionTable (CompetitionID, DivisionID, ArcherID, startDate, startTime) values (91, 14, 90, '2023-06-30', '3:52 PM');
insert into CompetitionTable (CompetitionID, DivisionID, ArcherID, startDate, startTime) values (92, 5, 78, '2023-11-02', '3:08 PM');
insert into CompetitionTable (CompetitionID, DivisionID, ArcherID, startDate, startTime) values (93, 4, 27, '2023-05-06', '8:54 AM');
insert into CompetitionTable (CompetitionID, DivisionID, ArcherID, startDate, startTime) values (94, 2, 65, '2023-08-28', '2:47 PM');
insert into CompetitionTable (CompetitionID, DivisionID, ArcherID, startDate, startTime) values (95, 12, 50, '2023-12-12', '11:26 AM');
insert into CompetitionTable (CompetitionID, DivisionID, ArcherID, startDate, startTime) values (96, 11, 5, '2023-12-23', '8:10 PM');
insert into CompetitionTable (CompetitionID, DivisionID, ArcherID, startDate, startTime) values (97, 6, 98, '2023-05-30', '10:34 AM');
insert into CompetitionTable (CompetitionID, DivisionID, ArcherID, startDate, startTime) values (98, 15, 55, '2024-01-22', '9:48 AM');
insert into CompetitionTable (CompetitionID, DivisionID, ArcherID, startDate, startTime) values (99, 1, 89, '2024-01-22', '11:06 AM');
insert into CompetitionTable (CompetitionID, DivisionID, ArcherID, startDate, startTime) values (100, 4, 53, '2024-05-23', '1:33 AM');


-- Inserting data into ScoreTable
insert into ScoreTable (ScoreID, ArcherID, CompetitionID, TotalScore) values (1, 47, '34', 71);
insert into ScoreTable (ScoreID, ArcherID, CompetitionID, TotalScore) values (2, 30, '75', 87);
insert into ScoreTable (ScoreID, ArcherID, CompetitionID, TotalScore) values (3, 77, '92', 70);
insert into ScoreTable (ScoreID, ArcherID, CompetitionID, TotalScore) values (4, 66, '31', 6);
insert into ScoreTable (ScoreID, ArcherID, CompetitionID, TotalScore) values (5, 11, '69', 76);
insert into ScoreTable (ScoreID, ArcherID, CompetitionID, TotalScore) values (6, 80, '28', 77);
insert into ScoreTable (ScoreID, ArcherID, CompetitionID, TotalScore) values (7, 33, '62', 69);
insert into ScoreTable (ScoreID, ArcherID, CompetitionID, TotalScore) values (8, 48, '40', 68);
insert into ScoreTable (ScoreID, ArcherID, CompetitionID, TotalScore) values (9, 91, '3', 3);
insert into ScoreTable (ScoreID, ArcherID, CompetitionID, TotalScore) values (10, 32, '50', 4);
insert into ScoreTable (ScoreID, ArcherID, CompetitionID, TotalScore) values (11, 82, '51', 54);
insert into ScoreTable (ScoreID, ArcherID, CompetitionID, TotalScore) values (12, 74, '2', 9);
insert into ScoreTable (ScoreID, ArcherID, CompetitionID, TotalScore) values (13, 86, '37', 48);
insert into ScoreTable (ScoreID, ArcherID, CompetitionID, TotalScore) values (14, 78, '1', 57);
insert into ScoreTable (ScoreID, ArcherID, CompetitionID, TotalScore) values (15, 8, '82', 21);
insert into ScoreTable (ScoreID, ArcherID, CompetitionID, TotalScore) values (16, 22, '64', 31);
insert into ScoreTable (ScoreID, ArcherID, CompetitionID, TotalScore) values (17, 18, '4', 83);
insert into ScoreTable (ScoreID, ArcherID, CompetitionID, TotalScore) values (18, 23, '6', 7);
insert into ScoreTable (ScoreID, ArcherID, CompetitionID, TotalScore) values (19, 92, '22', 87);
insert into ScoreTable (ScoreID, ArcherID, CompetitionID, TotalScore) values (20, 67, '42', 67);
insert into ScoreTable (ScoreID, ArcherID, CompetitionID, TotalScore) values (21, 28, '14', 19);
insert into ScoreTable (ScoreID, ArcherID, CompetitionID, TotalScore) values (22, 54, '99', 94);
insert into ScoreTable (ScoreID, ArcherID, CompetitionID, TotalScore) values (23, 23, '17', 87);
insert into ScoreTable (ScoreID, ArcherID, CompetitionID, TotalScore) values (24, 86, '61', 18);
insert into ScoreTable (ScoreID, ArcherID, CompetitionID, TotalScore) values (25, 94, '89', 67);
insert into ScoreTable (ScoreID, ArcherID, CompetitionID, TotalScore) values (26, 45, '20', 30);
insert into ScoreTable (ScoreID, ArcherID, CompetitionID, TotalScore) values (27, 4, '47', 17);
insert into ScoreTable (ScoreID, ArcherID, CompetitionID, TotalScore) values (28, 96, '60', 37);
insert into ScoreTable (ScoreID, ArcherID, CompetitionID, TotalScore) values (29, 91, '66', 78);
insert into ScoreTable (ScoreID, ArcherID, CompetitionID, TotalScore) values (30, 75, '81', 67);
insert into ScoreTable (ScoreID, ArcherID, CompetitionID, TotalScore) values (31, 12, '87', 57);
insert into ScoreTable (ScoreID, ArcherID, CompetitionID, TotalScore) values (32, 95, '48', 16);
insert into ScoreTable (ScoreID, ArcherID, CompetitionID, TotalScore) values (33, 31, '78', 88);
insert into ScoreTable (ScoreID, ArcherID, CompetitionID, TotalScore) values (34, 71, '67', 59);
insert into ScoreTable (ScoreID, ArcherID, CompetitionID, TotalScore) values (35, 54, '53', 50);
insert into ScoreTable (ScoreID, ArcherID, CompetitionID, TotalScore) values (36, 62, '27', 33);
insert into ScoreTable (ScoreID, ArcherID, CompetitionID, TotalScore) values (37, 66, '16', 67);
insert into ScoreTable (ScoreID, ArcherID, CompetitionID, TotalScore) values (38, 64, '21', 21);
insert into ScoreTable (ScoreID, ArcherID, CompetitionID, TotalScore) values (39, 3, '11', 49);
insert into ScoreTable (ScoreID, ArcherID, CompetitionID, TotalScore) values (40, 2, '26', 59);
insert into ScoreTable (ScoreID, ArcherID, CompetitionID, TotalScore) values (41, 1, '56', 77);
insert into ScoreTable (ScoreID, ArcherID, CompetitionID, TotalScore) values (42, 95, '57', 100);
insert into ScoreTable (ScoreID, ArcherID, CompetitionID, TotalScore) values (43, 40, '44', 39);
insert into ScoreTable (ScoreID, ArcherID, CompetitionID, TotalScore) values (44, 5, '97', 56);
insert into ScoreTable (ScoreID, ArcherID, CompetitionID, TotalScore) values (45, 73, '35', 91);
insert into ScoreTable (ScoreID, ArcherID, CompetitionID, TotalScore) values (46, 18, '39', 5);
insert into ScoreTable (ScoreID, ArcherID, CompetitionID, TotalScore) values (47, 47, '24', 37);
insert into ScoreTable (ScoreID, ArcherID, CompetitionID, TotalScore) values (48, 27, '94', 22);
insert into ScoreTable (ScoreID, ArcherID, CompetitionID, TotalScore) values (49, 29, '54', 59);
insert into ScoreTable (ScoreID, ArcherID, CompetitionID, TotalScore) values (50, 92, '93', 17);
insert into ScoreTable (ScoreID, ArcherID, CompetitionID, TotalScore) values (51, 51, '88', 91);
insert into ScoreTable (ScoreID, ArcherID, CompetitionID, TotalScore) values (52, 14, '63', 2);
insert into ScoreTable (ScoreID, ArcherID, CompetitionID, TotalScore) values (53, 53, '8', 92);
insert into ScoreTable (ScoreID, ArcherID, CompetitionID, TotalScore) values (54, 13, '68', 81);
insert into ScoreTable (ScoreID, ArcherID, CompetitionID, TotalScore) values (55, 43, '86', 10);
insert into ScoreTable (ScoreID, ArcherID, CompetitionID, TotalScore) values (56, 42, '96', 93);
insert into ScoreTable (ScoreID, ArcherID, CompetitionID, TotalScore) values (57, 89, '30', 1);
insert into ScoreTable (ScoreID, ArcherID, CompetitionID, TotalScore) values (58, 28, '15', 38);
insert into ScoreTable (ScoreID, ArcherID, CompetitionID, TotalScore) values (59, 91, '100', 33);
insert into ScoreTable (ScoreID, ArcherID, CompetitionID, TotalScore) values (60, 4, '71', 76);
insert into ScoreTable (ScoreID, ArcherID, CompetitionID, TotalScore) values (61, 40, '43', 63);
insert into ScoreTable (ScoreID, ArcherID, CompetitionID, TotalScore) values (62, 17, '83', 84);
insert into ScoreTable (ScoreID, ArcherID, CompetitionID, TotalScore) values (63, 98, '85', 56);
insert into ScoreTable (ScoreID, ArcherID, CompetitionID, TotalScore) values (64, 38, '12', 2);
insert into ScoreTable (ScoreID, ArcherID, CompetitionID, TotalScore) values (65, 66, '90', 46);
insert into ScoreTable (ScoreID, ArcherID, CompetitionID, TotalScore) values (66, 31, '76', 28);
insert into ScoreTable (ScoreID, ArcherID, CompetitionID, TotalScore) values (67, 70, '55', 31);
insert into ScoreTable (ScoreID, ArcherID, CompetitionID, TotalScore) values (68, 8, '95', 52);
insert into ScoreTable (ScoreID, ArcherID, CompetitionID, TotalScore) values (69, 10, '84', 96);
insert into ScoreTable (ScoreID, ArcherID, CompetitionID, TotalScore) values (70, 18, '52', 48);
insert into ScoreTable (ScoreID, ArcherID, CompetitionID, TotalScore) values (71, 18, '33', 25);
insert into ScoreTable (ScoreID, ArcherID, CompetitionID, TotalScore) values (72, 67, '41', 59);
insert into ScoreTable (ScoreID, ArcherID, CompetitionID, TotalScore) values (73, 87, '59', 3);
insert into ScoreTable (ScoreID, ArcherID, CompetitionID, TotalScore) values (74, 66, '79', 82);
insert into ScoreTable (ScoreID, ArcherID, CompetitionID, TotalScore) values (75, 70, '80', 24);
insert into ScoreTable (ScoreID, ArcherID, CompetitionID, TotalScore) values (76, 18, '23', 68);
insert into ScoreTable (ScoreID, ArcherID, CompetitionID, TotalScore) values (77, 4, '7', 94);
insert into ScoreTable (ScoreID, ArcherID, CompetitionID, TotalScore) values (78, 98, '49', 76);
insert into ScoreTable (ScoreID, ArcherID, CompetitionID, TotalScore) values (79, 58, '98', 16);
insert into ScoreTable (ScoreID, ArcherID, CompetitionID, TotalScore) values (80, 9, '5', 62);
insert into ScoreTable (ScoreID, ArcherID, CompetitionID, TotalScore) values (81, 83, '65', 23);
insert into ScoreTable (ScoreID, ArcherID, CompetitionID, TotalScore) values (82, 58, '77', 91);
insert into ScoreTable (ScoreID, ArcherID, CompetitionID, TotalScore) values (83, 61, '46', 39);
insert into ScoreTable (ScoreID, ArcherID, CompetitionID, TotalScore) values (84, 68, '58', 31);
insert into ScoreTable (ScoreID, ArcherID, CompetitionID, TotalScore) values (85, 52, '19', 13);
insert into ScoreTable (ScoreID, ArcherID, CompetitionID, TotalScore) values (86, 55, '9', 9);
insert into ScoreTable (ScoreID, ArcherID, CompetitionID, TotalScore) values (87, 2, '25', 92);
insert into ScoreTable (ScoreID, ArcherID, CompetitionID, TotalScore) values (88, 25, '32', 16);
insert into ScoreTable (ScoreID, ArcherID, CompetitionID, TotalScore) values (89, 61, '29', 98);
insert into ScoreTable (ScoreID, ArcherID, CompetitionID, TotalScore) values (90, 55, '91', 16);
insert into ScoreTable (ScoreID, ArcherID, CompetitionID, TotalScore) values (91, 70, '38', 29);
insert into ScoreTable (ScoreID, ArcherID, CompetitionID, TotalScore) values (92, 21, '70', 21);
insert into ScoreTable (ScoreID, ArcherID, CompetitionID, TotalScore) values (93, 62, '10', 72);
insert into ScoreTable (ScoreID, ArcherID, CompetitionID, TotalScore) values (94, 56, '72', 71);
insert into ScoreTable (ScoreID, ArcherID, CompetitionID, TotalScore) values (95, 14, '13', 74);
insert into ScoreTable (ScoreID, ArcherID, CompetitionID, TotalScore) values (96, 64, '45', 13);
insert into ScoreTable (ScoreID, ArcherID, CompetitionID, TotalScore) values (97, 58, '36', 14);
insert into ScoreTable (ScoreID, ArcherID, CompetitionID, TotalScore) values (98, 66, '73', 88);
insert into ScoreTable (ScoreID, ArcherID, CompetitionID, TotalScore) values (99, 45, '18', 66);
insert into ScoreTable (ScoreID, ArcherID, CompetitionID, TotalScore) values (100, 57, '74', 58);


-- Inserting data into RoundTable
insert into RoundTable (RoundID, CompetitionID, ScoreID, TargetDistance, ArrowAmount) values (1, '21', '13', 26.4, 93);
insert into RoundTable (RoundID, CompetitionID, ScoreID, TargetDistance, ArrowAmount) values (2, '35', '94', 61.1, 60);
insert into RoundTable (RoundID, CompetitionID, ScoreID, TargetDistance, ArrowAmount) values (3, '6', '92', 64.5, 29);
insert into RoundTable (RoundID, CompetitionID, ScoreID, TargetDistance, ArrowAmount) values (4, '83', '20', 1.5, 39);
insert into RoundTable (RoundID, CompetitionID, ScoreID, TargetDistance, ArrowAmount) values (5, '28', '81', 64.3, 69);
insert into RoundTable (RoundID, CompetitionID, ScoreID, TargetDistance, ArrowAmount) values (6, '61', '18', 82.8, 18);
insert into RoundTable (RoundID, CompetitionID, ScoreID, TargetDistance, ArrowAmount) values (7, '31', '53', 36.8, 83);
insert into RoundTable (RoundID, CompetitionID, ScoreID, TargetDistance, ArrowAmount) values (8, '96', '36', 31.0, 98);
insert into RoundTable (RoundID, CompetitionID, ScoreID, TargetDistance, ArrowAmount) values (9, '79', '30', 33.9, 57);
insert into RoundTable (RoundID, CompetitionID, ScoreID, TargetDistance, ArrowAmount) values (10, '89', '87', 79.4, 36);
insert into RoundTable (RoundID, CompetitionID, ScoreID, TargetDistance, ArrowAmount) values (11, '4', '22', 1.3, 87);
insert into RoundTable (RoundID, CompetitionID, ScoreID, TargetDistance, ArrowAmount) values (12, '51', '84', 63.5, 78);
insert into RoundTable (RoundID, CompetitionID, ScoreID, TargetDistance, ArrowAmount) values (13, '2', '95', 18.3, 4);
insert into RoundTable (RoundID, CompetitionID, ScoreID, TargetDistance, ArrowAmount) values (14, '43', '7', 8.2, 33);
insert into RoundTable (RoundID, CompetitionID, ScoreID, TargetDistance, ArrowAmount) values (15, '40', '88', 2.8, 55);
insert into RoundTable (RoundID, CompetitionID, ScoreID, TargetDistance, ArrowAmount) values (16, '29', '54', 71.5, 97);
insert into RoundTable (RoundID, CompetitionID, ScoreID, TargetDistance, ArrowAmount) values (17, '37', '43', 61.9, 44);
insert into RoundTable (RoundID, CompetitionID, ScoreID, TargetDistance, ArrowAmount) values (18, '58', '19', 79.8, 15);
insert into RoundTable (RoundID, CompetitionID, ScoreID, TargetDistance, ArrowAmount) values (19, '65', '33', 44.1, 11);
insert into RoundTable (RoundID, CompetitionID, ScoreID, TargetDistance, ArrowAmount) values (20, '39', '83', 89.0, 19);
insert into RoundTable (RoundID, CompetitionID, ScoreID, TargetDistance, ArrowAmount) values (21, '48', '80', 64.7, 34);
insert into RoundTable (RoundID, CompetitionID, ScoreID, TargetDistance, ArrowAmount) values (22, '55', '89', 9.2, 36);
insert into RoundTable (RoundID, CompetitionID, ScoreID, TargetDistance, ArrowAmount) values (23, '94', '15', 12.2, 28);
insert into RoundTable (RoundID, CompetitionID, ScoreID, TargetDistance, ArrowAmount) values (24, '14', '68', 95.4, 81);
insert into RoundTable (RoundID, CompetitionID, ScoreID, TargetDistance, ArrowAmount) values (25, '53', '98', 63.3, 22);
insert into RoundTable (RoundID, CompetitionID, ScoreID, TargetDistance, ArrowAmount) values (26, '45', '62', 94.1, 9);
insert into RoundTable (RoundID, CompetitionID, ScoreID, TargetDistance, ArrowAmount) values (27, '41', '28', 42.9, 83);
insert into RoundTable (RoundID, CompetitionID, ScoreID, TargetDistance, ArrowAmount) values (28, '50', '48', 73.4, 76);
insert into RoundTable (RoundID, CompetitionID, ScoreID, TargetDistance, ArrowAmount) values (29, '7', '34', 14.0, 53);
insert into RoundTable (RoundID, CompetitionID, ScoreID, TargetDistance, ArrowAmount) values (30, '91', '37', 59.6, 56);
insert into RoundTable (RoundID, CompetitionID, ScoreID, TargetDistance, ArrowAmount) values (31, '57', '97', 37.0, 60);
insert into RoundTable (RoundID, CompetitionID, ScoreID, TargetDistance, ArrowAmount) values (32, '49', '41', 47.0, 77);
insert into RoundTable (RoundID, CompetitionID, ScoreID, TargetDistance, ArrowAmount) values (33, '70', '58', 3.8, 38);
insert into RoundTable (RoundID, CompetitionID, ScoreID, TargetDistance, ArrowAmount) values (34, '99', '17', 91.5, 28);
insert into RoundTable (RoundID, CompetitionID, ScoreID, TargetDistance, ArrowAmount) values (35, '90', '69', 45.3, 9);
insert into RoundTable (RoundID, CompetitionID, ScoreID, TargetDistance, ArrowAmount) values (36, '92', '47', 31.2, 76);
insert into RoundTable (RoundID, CompetitionID, ScoreID, TargetDistance, ArrowAmount) values (37, '52', '72', 55.2, 99);
insert into RoundTable (RoundID, CompetitionID, ScoreID, TargetDistance, ArrowAmount) values (38, '47', '56', 51.5, 76);
insert into RoundTable (RoundID, CompetitionID, ScoreID, TargetDistance, ArrowAmount) values (39, '33', '3', 79.4, 38);
insert into RoundTable (RoundID, CompetitionID, ScoreID, TargetDistance, ArrowAmount) values (40, '85', '42', 95.6, 84);
insert into RoundTable (RoundID, CompetitionID, ScoreID, TargetDistance, ArrowAmount) values (41, '62', '73', 26.2, 9);
insert into RoundTable (RoundID, CompetitionID, ScoreID, TargetDistance, ArrowAmount) values (42, '15', '24', 29.9, 23);
insert into RoundTable (RoundID, CompetitionID, ScoreID, TargetDistance, ArrowAmount) values (43, '12', '10', 76.1, 37);
insert into RoundTable (RoundID, CompetitionID, ScoreID, TargetDistance, ArrowAmount) values (44, '26', '12', 72.1, 56);
insert into RoundTable (RoundID, CompetitionID, ScoreID, TargetDistance, ArrowAmount) values (45, '88', '25', 69.4, 80);
insert into RoundTable (RoundID, CompetitionID, ScoreID, TargetDistance, ArrowAmount) values (46, '36', '35', 36.6, 29);
insert into RoundTable (RoundID, CompetitionID, ScoreID, TargetDistance, ArrowAmount) values (47, '100', '26', 40.8, 5);
insert into RoundTable (RoundID, CompetitionID, ScoreID, TargetDistance, ArrowAmount) values (48, '84', '65', 9.4, 3);
insert into RoundTable (RoundID, CompetitionID, ScoreID, TargetDistance, ArrowAmount) values (49, '19', '51', 92.4, 92);
insert into RoundTable (RoundID, CompetitionID, ScoreID, TargetDistance, ArrowAmount) values (50, '60', '31', 48.3, 71);
insert into RoundTable (RoundID, CompetitionID, ScoreID, TargetDistance, ArrowAmount) values (51, '34', '67', 93.4, 14);
insert into RoundTable (RoundID, CompetitionID, ScoreID, TargetDistance, ArrowAmount) values (52, '78', '74', 69.3, 100);
insert into RoundTable (RoundID, CompetitionID, ScoreID, TargetDistance, ArrowAmount) values (53, '72', '52', 14.5, 27);
insert into RoundTable (RoundID, CompetitionID, ScoreID, TargetDistance, ArrowAmount) values (54, '27', '76', 27.8, 81);
insert into RoundTable (RoundID, CompetitionID, ScoreID, TargetDistance, ArrowAmount) values (55, '13', '38', 9.9, 4);
insert into RoundTable (RoundID, CompetitionID, ScoreID, TargetDistance, ArrowAmount) values (56, '98', '23', 35.5, 23);
insert into RoundTable (RoundID, CompetitionID, ScoreID, TargetDistance, ArrowAmount) values (57, '22', '40', 81.2, 99);
insert into RoundTable (RoundID, CompetitionID, ScoreID, TargetDistance, ArrowAmount) values (58, '30', '79', 34.8, 24);
insert into RoundTable (RoundID, CompetitionID, ScoreID, TargetDistance, ArrowAmount) values (59, '5', '77', 39.7, 60);
insert into RoundTable (RoundID, CompetitionID, ScoreID, TargetDistance, ArrowAmount) values (60, '95', '46', 53.9, 59);
insert into RoundTable (RoundID, CompetitionID, ScoreID, TargetDistance, ArrowAmount) values (61, '3', '49', 51.7, 79);
insert into RoundTable (RoundID, CompetitionID, ScoreID, TargetDistance, ArrowAmount) values (62, '71', '64', 17.2, 83);
insert into RoundTable (RoundID, CompetitionID, ScoreID, TargetDistance, ArrowAmount) values (63, '69', '63', 25.5, 77);
insert into RoundTable (RoundID, CompetitionID, ScoreID, TargetDistance, ArrowAmount) values (64, '25', '91', 86.2, 100);
insert into RoundTable (RoundID, CompetitionID, ScoreID, TargetDistance, ArrowAmount) values (65, '80', '100', 13.9, 49);
insert into RoundTable (RoundID, CompetitionID, ScoreID, TargetDistance, ArrowAmount) values (66, '56', '59', 29.7, 66);
insert into RoundTable (RoundID, CompetitionID, ScoreID, TargetDistance, ArrowAmount) values (67, '46', '50', 16.7, 73);
insert into RoundTable (RoundID, CompetitionID, ScoreID, TargetDistance, ArrowAmount) values (68, '82', '93', 45.4, 89);
insert into RoundTable (RoundID, CompetitionID, ScoreID, TargetDistance, ArrowAmount) values (69, '24', '55', 60.0, 25);
insert into RoundTable (RoundID, CompetitionID, ScoreID, TargetDistance, ArrowAmount) values (70, '66', '8', 56.7, 78);
insert into RoundTable (RoundID, CompetitionID, ScoreID, TargetDistance, ArrowAmount) values (71, '59', '2', 6.6, 12);
insert into RoundTable (RoundID, CompetitionID, ScoreID, TargetDistance, ArrowAmount) values (72, '63', '90', 16.1, 12);
insert into RoundTable (RoundID, CompetitionID, ScoreID, TargetDistance, ArrowAmount) values (73, '32', '70', 51.9, 75);
insert into RoundTable (RoundID, CompetitionID, ScoreID, TargetDistance, ArrowAmount) values (74, '9', '99', 31.2, 65);
insert into RoundTable (RoundID, CompetitionID, ScoreID, TargetDistance, ArrowAmount) values (75, '10', '85', 31.8, 32);
insert into RoundTable (RoundID, CompetitionID, ScoreID, TargetDistance, ArrowAmount) values (76, '74', '82', 39.7, 28);
insert into RoundTable (RoundID, CompetitionID, ScoreID, TargetDistance, ArrowAmount) values (77, '75', '32', 68.4, 24);
insert into RoundTable (RoundID, CompetitionID, ScoreID, TargetDistance, ArrowAmount) values (78, '67', '9', 12.3, 17);
insert into RoundTable (RoundID, CompetitionID, ScoreID, TargetDistance, ArrowAmount) values (79, '86', '39', 33.5, 82);
insert into RoundTable (RoundID, CompetitionID, ScoreID, TargetDistance, ArrowAmount) values (80, '77', '29', 65.6, 78);
insert into RoundTable (RoundID, CompetitionID, ScoreID, TargetDistance, ArrowAmount) values (81, '38', '45', 93.7, 36);
insert into RoundTable (RoundID, CompetitionID, ScoreID, TargetDistance, ArrowAmount) values (82, '1', '4', 39.4, 57);
insert into RoundTable (RoundID, CompetitionID, ScoreID, TargetDistance, ArrowAmount) values (83, '23', '86', 12.5, 89);
insert into RoundTable (RoundID, CompetitionID, ScoreID, TargetDistance, ArrowAmount) values (84, '20', '78', 97.1, 7);
insert into RoundTable (RoundID, CompetitionID, ScoreID, TargetDistance, ArrowAmount) values (85, '54', '71', 33.9, 89);
insert into RoundTable (RoundID, CompetitionID, ScoreID, TargetDistance, ArrowAmount) values (86, '64', '14', 80.6, 94);
insert into RoundTable (RoundID, CompetitionID, ScoreID, TargetDistance, ArrowAmount) values (87, '16', '27', 94.1, 76);
insert into RoundTable (RoundID, CompetitionID, ScoreID, TargetDistance, ArrowAmount) values (88, '93', '96', 87.8, 62);
insert into RoundTable (RoundID, CompetitionID, ScoreID, TargetDistance, ArrowAmount) values (89, '8', '1', 28.2, 11);
insert into RoundTable (RoundID, CompetitionID, ScoreID, TargetDistance, ArrowAmount) values (90, '76', '75', 32.7, 98);
insert into RoundTable (RoundID, CompetitionID, ScoreID, TargetDistance, ArrowAmount) values (91, '44', '5', 50.4, 75);
insert into RoundTable (RoundID, CompetitionID, ScoreID, TargetDistance, ArrowAmount) values (92, '97', '66', 33.1, 36);
insert into RoundTable (RoundID, CompetitionID, ScoreID, TargetDistance, ArrowAmount) values (93, '73', '44', 80.3, 47);
insert into RoundTable (RoundID, CompetitionID, ScoreID, TargetDistance, ArrowAmount) values (94, '68', '16', 88.2, 34);
insert into RoundTable (RoundID, CompetitionID, ScoreID, TargetDistance, ArrowAmount) values (95, '81', '21', 30.9, 14);
insert into RoundTable (RoundID, CompetitionID, ScoreID, TargetDistance, ArrowAmount) values (96, '17', '57', 6.8, 6);
insert into RoundTable (RoundID, CompetitionID, ScoreID, TargetDistance, ArrowAmount) values (97, '11', '6', 39.6, 4);
insert into RoundTable (RoundID, CompetitionID, ScoreID, TargetDistance, ArrowAmount) values (98, '87', '11', 63.2, 81);
insert into RoundTable (RoundID, CompetitionID, ScoreID, TargetDistance, ArrowAmount) values (99, '18', '61', 65.2, 16);
insert into RoundTable (RoundID, CompetitionID, ScoreID, TargetDistance, ArrowAmount) values (100, '42', '60', 62.6, 80);


-- Inserting data into ArrowTable
insert into ArrowTable (ArrowID, ArcherID, RoundID, Arrow1, Arrow2, Arrow3, Arrow4, Arrow5, Arrow6) values (1, 49, '32', 14, 1, 61, 96, 22, 87);
insert into ArrowTable (ArrowID, ArcherID, RoundID, Arrow1, Arrow2, Arrow3, Arrow4, Arrow5, Arrow6) values (2, 12, '72', 40, 10, 89, 62, 96, 54);
insert into ArrowTable (ArrowID, ArcherID, RoundID, Arrow1, Arrow2, Arrow3, Arrow4, Arrow5, Arrow6) values (3, 58, '83', 71, 96, 42, 28, 33, 7);
insert into ArrowTable (ArrowID, ArcherID, RoundID, Arrow1, Arrow2, Arrow3, Arrow4, Arrow5, Arrow6) values (4, 100, '81', 5, 43, 42, 83, 91, 74);
insert into ArrowTable (ArrowID, ArcherID, RoundID, Arrow1, Arrow2, Arrow3, Arrow4, Arrow5, Arrow6) values (5, 17, '36', 76, 34, 14, 40, 43, 66);
insert into ArrowTable (ArrowID, ArcherID, RoundID, Arrow1, Arrow2, Arrow3, Arrow4, Arrow5, Arrow6) values (6, 51, '4', 9, 76, 14, 2, 63, 56);
insert into ArrowTable (ArrowID, ArcherID, RoundID, Arrow1, Arrow2, Arrow3, Arrow4, Arrow5, Arrow6) values (7, 82, '17', 33, 89, 74, 24, 46, 39);
insert into ArrowTable (ArrowID, ArcherID, RoundID, Arrow1, Arrow2, Arrow3, Arrow4, Arrow5, Arrow6) values (8, 66, '90', 5, 50, 4, 75, 10, 54);
insert into ArrowTable (ArrowID, ArcherID, RoundID, Arrow1, Arrow2, Arrow3, Arrow4, Arrow5, Arrow6) values (9, 20, '84', 4, 80, 74, 95, 74, 34);
insert into ArrowTable (ArrowID, ArcherID, RoundID, Arrow1, Arrow2, Arrow3, Arrow4, Arrow5, Arrow6) values (10, 74, '44', 30, 56, 77, 6, 21, 7);
insert into ArrowTable (ArrowID, ArcherID, RoundID, Arrow1, Arrow2, Arrow3, Arrow4, Arrow5, Arrow6) values (11, 19, '65', 54, 75, 95, 51, 52, 81);
insert into ArrowTable (ArrowID, ArcherID, RoundID, Arrow1, Arrow2, Arrow3, Arrow4, Arrow5, Arrow6) values (12, 27, '22', 70, 40, 83, 51, 46, 49);
insert into ArrowTable (ArrowID, ArcherID, RoundID, Arrow1, Arrow2, Arrow3, Arrow4, Arrow5, Arrow6) values (13, 11, '42', 34, 66, 61, 9, 83, 57);
insert into ArrowTable (ArrowID, ArcherID, RoundID, Arrow1, Arrow2, Arrow3, Arrow4, Arrow5, Arrow6) values (14, 2, '18', 94, 45, 34, 38, 83, 56);
insert into ArrowTable (ArrowID, ArcherID, RoundID, Arrow1, Arrow2, Arrow3, Arrow4, Arrow5, Arrow6) values (15, 63, '60', 74, 6, 27, 18, 62, 39);
insert into ArrowTable (ArrowID, ArcherID, RoundID, Arrow1, Arrow2, Arrow3, Arrow4, Arrow5, Arrow6) values (16, 77, '27', 86, 61, 39, 73, 68, 16);
insert into ArrowTable (ArrowID, ArcherID, RoundID, Arrow1, Arrow2, Arrow3, Arrow4, Arrow5, Arrow6) values (17, 45, '37', 21, 29, 9, 10, 49, 47);
insert into ArrowTable (ArrowID, ArcherID, RoundID, Arrow1, Arrow2, Arrow3, Arrow4, Arrow5, Arrow6) values (18, 61, '47', 83, 54, 35, 45, 75, 57);
insert into ArrowTable (ArrowID, ArcherID, RoundID, Arrow1, Arrow2, Arrow3, Arrow4, Arrow5, Arrow6) values (19, 67, '77', 23, 7, 59, 40, 48, 73);
insert into ArrowTable (ArrowID, ArcherID, RoundID, Arrow1, Arrow2, Arrow3, Arrow4, Arrow5, Arrow6) values (20, 12, '34', 29, 46, 60, 37, 62, 14);
insert into ArrowTable (ArrowID, ArcherID, RoundID, Arrow1, Arrow2, Arrow3, Arrow4, Arrow5, Arrow6) values (21, 82, '46', 65, 58, 20, 58, 6, 4);
insert into ArrowTable (ArrowID, ArcherID, RoundID, Arrow1, Arrow2, Arrow3, Arrow4, Arrow5, Arrow6) values (22, 67, '26', 83, 9, 10, 80, 12, 5);
insert into ArrowTable (ArrowID, ArcherID, RoundID, Arrow1, Arrow2, Arrow3, Arrow4, Arrow5, Arrow6) values (23, 80, '6', 72, 41, 12, 27, 88, 65);
insert into ArrowTable (ArrowID, ArcherID, RoundID, Arrow1, Arrow2, Arrow3, Arrow4, Arrow5, Arrow6) values (24, 62, '54', 74, 43, 57, 41, 90, 37);
insert into ArrowTable (ArrowID, ArcherID, RoundID, Arrow1, Arrow2, Arrow3, Arrow4, Arrow5, Arrow6) values (25, 76, '96', 29, 90, 30, 79, 98, 53);
insert into ArrowTable (ArrowID, ArcherID, RoundID, Arrow1, Arrow2, Arrow3, Arrow4, Arrow5, Arrow6) values (26, 81, '78', 21, 36, 82, 74, 20, 24);
insert into ArrowTable (ArrowID, ArcherID, RoundID, Arrow1, Arrow2, Arrow3, Arrow4, Arrow5, Arrow6) values (27, 31, '99', 96, 13, 9, 49, 67, 62);
insert into ArrowTable (ArrowID, ArcherID, RoundID, Arrow1, Arrow2, Arrow3, Arrow4, Arrow5, Arrow6) values (28, 32, '74', 14, 86, 50, 79, 93, 24);
insert into ArrowTable (ArrowID, ArcherID, RoundID, Arrow1, Arrow2, Arrow3, Arrow4, Arrow5, Arrow6) values (29, 60, '86', 95, 14, 58, 15, 70, 83);
insert into ArrowTable (ArrowID, ArcherID, RoundID, Arrow1, Arrow2, Arrow3, Arrow4, Arrow5, Arrow6) values (30, 35, '23', 18, 29, 93, 13, 92, 39);
insert into ArrowTable (ArrowID, ArcherID, RoundID, Arrow1, Arrow2, Arrow3, Arrow4, Arrow5, Arrow6) values (31, 100, '15', 93, 85, 15, 91, 60, 15);
insert into ArrowTable (ArrowID, ArcherID, RoundID, Arrow1, Arrow2, Arrow3, Arrow4, Arrow5, Arrow6) values (32, 75, '91', 75, 18, 2, 12, 23, 83);
insert into ArrowTable (ArrowID, ArcherID, RoundID, Arrow1, Arrow2, Arrow3, Arrow4, Arrow5, Arrow6) values (33, 95, '88', 65, 31, 22, 61, 41, 39);
insert into ArrowTable (ArrowID, ArcherID, RoundID, Arrow1, Arrow2, Arrow3, Arrow4, Arrow5, Arrow6) values (34, 86, '92', 98, 29, 75, 71, 4, 38);
insert into ArrowTable (ArrowID, ArcherID, RoundID, Arrow1, Arrow2, Arrow3, Arrow4, Arrow5, Arrow6) values (35, 70, '35', 26, 58, 88, 79, 18, 68);
insert into ArrowTable (ArrowID, ArcherID, RoundID, Arrow1, Arrow2, Arrow3, Arrow4, Arrow5, Arrow6) values (36, 90, '93', 78, 98, 98, 76, 91, 8);
insert into ArrowTable (ArrowID, ArcherID, RoundID, Arrow1, Arrow2, Arrow3, Arrow4, Arrow5, Arrow6) values (37, 35, '7', 15, 8, 92, 79, 91, 52);
insert into ArrowTable (ArrowID, ArcherID, RoundID, Arrow1, Arrow2, Arrow3, Arrow4, Arrow5, Arrow6) values (38, 32, '56', 28, 85, 31, 10, 84, 28);
insert into ArrowTable (ArrowID, ArcherID, RoundID, Arrow1, Arrow2, Arrow3, Arrow4, Arrow5, Arrow6) values (39, 40, '62', 91, 5, 10, 68, 12, 75);
insert into ArrowTable (ArrowID, ArcherID, RoundID, Arrow1, Arrow2, Arrow3, Arrow4, Arrow5, Arrow6) values (40, 69, '59', 95, 26, 61, 32, 30, 76);
insert into ArrowTable (ArrowID, ArcherID, RoundID, Arrow1, Arrow2, Arrow3, Arrow4, Arrow5, Arrow6) values (41, 70, '71', 77, 60, 86, 44, 99, 1);
insert into ArrowTable (ArrowID, ArcherID, RoundID, Arrow1, Arrow2, Arrow3, Arrow4, Arrow5, Arrow6) values (42, 95, '79', 66, 66, 34, 23, 8, 33);
insert into ArrowTable (ArrowID, ArcherID, RoundID, Arrow1, Arrow2, Arrow3, Arrow4, Arrow5, Arrow6) values (43, 52, '21', 35, 11, 37, 2, 97, 26);
insert into ArrowTable (ArrowID, ArcherID, RoundID, Arrow1, Arrow2, Arrow3, Arrow4, Arrow5, Arrow6) values (44, 63, '19', 89, 21, 27, 52, 43, 78);
insert into ArrowTable (ArrowID, ArcherID, RoundID, Arrow1, Arrow2, Arrow3, Arrow4, Arrow5, Arrow6) values (45, 21, '68', 12, 9, 11, 95, 37, 56);
insert into ArrowTable (ArrowID, ArcherID, RoundID, Arrow1, Arrow2, Arrow3, Arrow4, Arrow5, Arrow6) values (46, 32, '12', 8, 28, 94, 35, 12, 43);
insert into ArrowTable (ArrowID, ArcherID, RoundID, Arrow1, Arrow2, Arrow3, Arrow4, Arrow5, Arrow6) values (47, 35, '25', 39, 85, 56, 17, 82, 86);
insert into ArrowTable (ArrowID, ArcherID, RoundID, Arrow1, Arrow2, Arrow3, Arrow4, Arrow5, Arrow6) values (48, 55, '31', 86, 13, 43, 77, 28, 18);
insert into ArrowTable (ArrowID, ArcherID, RoundID, Arrow1, Arrow2, Arrow3, Arrow4, Arrow5, Arrow6) values (49, 80, '100', 19, 98, 22, 71, 85, 54);
insert into ArrowTable (ArrowID, ArcherID, RoundID, Arrow1, Arrow2, Arrow3, Arrow4, Arrow5, Arrow6) values (50, 90, '64', 83, 33, 80, 31, 86, 75);
insert into ArrowTable (ArrowID, ArcherID, RoundID, Arrow1, Arrow2, Arrow3, Arrow4, Arrow5, Arrow6) values (51, 47, '50', 92, 38, 65, 73, 5, 76);
insert into ArrowTable (ArrowID, ArcherID, RoundID, Arrow1, Arrow2, Arrow3, Arrow4, Arrow5, Arrow6) values (52, 27, '3', 14, 71, 26, 47, 16, 51);
insert into ArrowTable (ArrowID, ArcherID, RoundID, Arrow1, Arrow2, Arrow3, Arrow4, Arrow5, Arrow6) values (53, 10, '70', 81, 26, 25, 46, 23, 54);
insert into ArrowTable (ArrowID, ArcherID, RoundID, Arrow1, Arrow2, Arrow3, Arrow4, Arrow5, Arrow6) values (54, 68, '87', 77, 30, 86, 80, 8, 42);
insert into ArrowTable (ArrowID, ArcherID, RoundID, Arrow1, Arrow2, Arrow3, Arrow4, Arrow5, Arrow6) values (55, 50, '63', 34, 92, 19, 41, 43, 85);
insert into ArrowTable (ArrowID, ArcherID, RoundID, Arrow1, Arrow2, Arrow3, Arrow4, Arrow5, Arrow6) values (56, 42, '38', 93, 83, 5, 40, 99, 33);
insert into ArrowTable (ArrowID, ArcherID, RoundID, Arrow1, Arrow2, Arrow3, Arrow4, Arrow5, Arrow6) values (57, 34, '9', 99, 97, 66, 62, 65, 50);
insert into ArrowTable (ArrowID, ArcherID, RoundID, Arrow1, Arrow2, Arrow3, Arrow4, Arrow5, Arrow6) values (58, 46, '43', 72, 94, 59, 24, 88, 72);
insert into ArrowTable (ArrowID, ArcherID, RoundID, Arrow1, Arrow2, Arrow3, Arrow4, Arrow5, Arrow6) values (59, 44, '39', 94, 41, 85, 17, 76, 30);
insert into ArrowTable (ArrowID, ArcherID, RoundID, Arrow1, Arrow2, Arrow3, Arrow4, Arrow5, Arrow6) values (60, 71, '97', 39, 22, 77, 69, 3, 14);
insert into ArrowTable (ArrowID, ArcherID, RoundID, Arrow1, Arrow2, Arrow3, Arrow4, Arrow5, Arrow6) values (61, 6, '49', 62, 97, 48, 37, 88, 19);
insert into ArrowTable (ArrowID, ArcherID, RoundID, Arrow1, Arrow2, Arrow3, Arrow4, Arrow5, Arrow6) values (62, 42, '11', 55, 91, 27, 50, 65, 10);
insert into ArrowTable (ArrowID, ArcherID, RoundID, Arrow1, Arrow2, Arrow3, Arrow4, Arrow5, Arrow6) values (63, 29, '98', 70, 34, 22, 58, 78, 28);
insert into ArrowTable (ArrowID, ArcherID, RoundID, Arrow1, Arrow2, Arrow3, Arrow4, Arrow5, Arrow6) values (64, 42, '52', 16, 100, 69, 7, 30, 82);
insert into ArrowTable (ArrowID, ArcherID, RoundID, Arrow1, Arrow2, Arrow3, Arrow4, Arrow5, Arrow6) values (65, 37, '55', 9, 74, 34, 92, 5, 29);
insert into ArrowTable (ArrowID, ArcherID, RoundID, Arrow1, Arrow2, Arrow3, Arrow4, Arrow5, Arrow6) values (66, 2, '28', 39, 30, 88, 3, 81, 62);
insert into ArrowTable (ArrowID, ArcherID, RoundID, Arrow1, Arrow2, Arrow3, Arrow4, Arrow5, Arrow6) values (67, 82, '30', 93, 17, 82, 53, 60, 71);
insert into ArrowTable (ArrowID, ArcherID, RoundID, Arrow1, Arrow2, Arrow3, Arrow4, Arrow5, Arrow6) values (68, 91, '94', 4, 15, 41, 14, 41, 63);
insert into ArrowTable (ArrowID, ArcherID, RoundID, Arrow1, Arrow2, Arrow3, Arrow4, Arrow5, Arrow6) values (69, 58, '40', 38, 68, 95, 65, 54, 20);
insert into ArrowTable (ArrowID, ArcherID, RoundID, Arrow1, Arrow2, Arrow3, Arrow4, Arrow5, Arrow6) values (70, 17, '2', 28, 2, 65, 45, 91, 80);
insert into ArrowTable (ArrowID, ArcherID, RoundID, Arrow1, Arrow2, Arrow3, Arrow4, Arrow5, Arrow6) values (71, 44, '45', 36, 42, 100, 70, 30, 40);
insert into ArrowTable (ArrowID, ArcherID, RoundID, Arrow1, Arrow2, Arrow3, Arrow4, Arrow5, Arrow6) values (72, 41, '61', 24, 86, 95, 94, 38, 94);
insert into ArrowTable (ArrowID, ArcherID, RoundID, Arrow1, Arrow2, Arrow3, Arrow4, Arrow5, Arrow6) values (73, 33, '58', 78, 16, 72, 76, 99, 87);
insert into ArrowTable (ArrowID, ArcherID, RoundID, Arrow1, Arrow2, Arrow3, Arrow4, Arrow5, Arrow6) values (74, 15, '8', 74, 33, 41, 34, 46, 49);
insert into ArrowTable (ArrowID, ArcherID, RoundID, Arrow1, Arrow2, Arrow3, Arrow4, Arrow5, Arrow6) values (75, 59, '57', 39, 86, 54, 87, 83, 98);
insert into ArrowTable (ArrowID, ArcherID, RoundID, Arrow1, Arrow2, Arrow3, Arrow4, Arrow5, Arrow6) values (76, 88, '73', 62, 13, 8, 35, 22, 88);
insert into ArrowTable (ArrowID, ArcherID, RoundID, Arrow1, Arrow2, Arrow3, Arrow4, Arrow5, Arrow6) values (77, 90, '48', 31, 50, 84, 55, 45, 5);
insert into ArrowTable (ArrowID, ArcherID, RoundID, Arrow1, Arrow2, Arrow3, Arrow4, Arrow5, Arrow6) values (78, 69, '69', 93, 40, 33, 82, 52, 90);
insert into ArrowTable (ArrowID, ArcherID, RoundID, Arrow1, Arrow2, Arrow3, Arrow4, Arrow5, Arrow6) values (79, 49, '16', 30, 94, 91, 7, 56, 13);
insert into ArrowTable (ArrowID, ArcherID, RoundID, Arrow1, Arrow2, Arrow3, Arrow4, Arrow5, Arrow6) values (80, 29, '95', 4, 72, 48, 11, 69, 74);
insert into ArrowTable (ArrowID, ArcherID, RoundID, Arrow1, Arrow2, Arrow3, Arrow4, Arrow5, Arrow6) values (81, 80, '41', 98, 13, 79, 57, 50, 56);
insert into ArrowTable (ArrowID, ArcherID, RoundID, Arrow1, Arrow2, Arrow3, Arrow4, Arrow5, Arrow6) values (82, 62, '53', 1, 19, 96, 84, 16, 49);
insert into ArrowTable (ArrowID, ArcherID, RoundID, Arrow1, Arrow2, Arrow3, Arrow4, Arrow5, Arrow6) values (83, 79, '85', 50, 87, 85, 1, 81, 9);
insert into ArrowTable (ArrowID, ArcherID, RoundID, Arrow1, Arrow2, Arrow3, Arrow4, Arrow5, Arrow6) values (84, 91, '67', 18, 50, 34, 89, 89, 26);
insert into ArrowTable (ArrowID, ArcherID, RoundID, Arrow1, Arrow2, Arrow3, Arrow4, Arrow5, Arrow6) values (85, 43, '82', 75, 51, 49, 24, 35, 7);
insert into ArrowTable (ArrowID, ArcherID, RoundID, Arrow1, Arrow2, Arrow3, Arrow4, Arrow5, Arrow6) values (86, 75, '66', 16, 44, 45, 67, 5, 35);
insert into ArrowTable (ArrowID, ArcherID, RoundID, Arrow1, Arrow2, Arrow3, Arrow4, Arrow5, Arrow6) values (87, 31, '14', 67, 4, 41, 68, 21, 89);
insert into ArrowTable (ArrowID, ArcherID, RoundID, Arrow1, Arrow2, Arrow3, Arrow4, Arrow5, Arrow6) values (88, 97, '5', 32, 52, 61, 78, 32, 89);
insert into ArrowTable (ArrowID, ArcherID, RoundID, Arrow1, Arrow2, Arrow3, Arrow4, Arrow5, Arrow6) values (89, 78, '20', 26, 54, 69, 41, 50, 15);
insert into ArrowTable (ArrowID, ArcherID, RoundID, Arrow1, Arrow2, Arrow3, Arrow4, Arrow5, Arrow6) values (90, 17, '29', 21, 62, 14, 83, 51, 87);
insert into ArrowTable (ArrowID, ArcherID, RoundID, Arrow1, Arrow2, Arrow3, Arrow4, Arrow5, Arrow6) values (91, 29, '80', 10, 88, 64, 80, 44, 68);
insert into ArrowTable (ArrowID, ArcherID, RoundID, Arrow1, Arrow2, Arrow3, Arrow4, Arrow5, Arrow6) values (92, 36, '10', 10, 37, 84, 11, 37, 10);
insert into ArrowTable (ArrowID, ArcherID, RoundID, Arrow1, Arrow2, Arrow3, Arrow4, Arrow5, Arrow6) values (93, 67, '76', 8, 36, 73, 69, 2, 21);
insert into ArrowTable (ArrowID, ArcherID, RoundID, Arrow1, Arrow2, Arrow3, Arrow4, Arrow5, Arrow6) values (94, 17, '51', 24, 75, 47, 27, 88, 29);
insert into ArrowTable (ArrowID, ArcherID, RoundID, Arrow1, Arrow2, Arrow3, Arrow4, Arrow5, Arrow6) values (95, 10, '13', 32, 50, 90, 16, 79, 92);
insert into ArrowTable (ArrowID, ArcherID, RoundID, Arrow1, Arrow2, Arrow3, Arrow4, Arrow5, Arrow6) values (96, 10, '33', 87, 68, 7, 28, 79, 3);
insert into ArrowTable (ArrowID, ArcherID, RoundID, Arrow1, Arrow2, Arrow3, Arrow4, Arrow5, Arrow6) values (97, 12, '75', 40, 11, 38, 55, 63, 33);
insert into ArrowTable (ArrowID, ArcherID, RoundID, Arrow1, Arrow2, Arrow3, Arrow4, Arrow5, Arrow6) values (98, 92, '1', 88, 9, 87, 50, 92, 67);
insert into ArrowTable (ArrowID, ArcherID, RoundID, Arrow1, Arrow2, Arrow3, Arrow4, Arrow5, Arrow6) values (99, 87, '24', 94, 55, 99, 80, 80, 47);
insert into ArrowTable (ArrowID, ArcherID, RoundID, Arrow1, Arrow2, Arrow3, Arrow4, Arrow5, Arrow6) values (100, 74, '82', 83, 79, 69, 76, 28, 77);
