
insert into ArcherTable (ArcherID, FirstName, LastName, PhoneNumber, Street, Suburb, City, Postcode, Age, Gender) values (1, 'Kalina', 'Staddom', '4533767482', '07 Forster Way', 'South Australia', 'Adelaide Mail Centre', '5899', 56, 'Female');
insert into ArcherTable (ArcherID, FirstName, LastName, PhoneNumber, Street, Suburb, City, Postcode, Age, Gender) values (2, 'Perkin', 'Culshaw', '8794938466', '7 Spenser Way', 'South Australia', 'Adelaide Mail Centre', '5869', 14, 'Male');
insert into ArcherTable (ArcherID, FirstName, LastName, PhoneNumber, Street, Suburb, City, Postcode, Age, Gender) values (3, 'Elysia', 'Hutley', '5813763850', '8834 Amoth Parkway', 'South Australia', 'Adelaide', '5839', 53, 'Female');
insert into ArcherTable (ArcherID, FirstName, LastName, PhoneNumber, Street, Suburb, City, Postcode, Age, Gender) values (4, 'Alain', 'Tuddenham', '8036436216', '820 Longview Circle', 'South Australia', 'Adelaide Mail Centre', '5874', 56, 'Male');
insert into ArcherTable (ArcherID, FirstName, LastName, PhoneNumber, Street, Suburb, City, Postcode, Age, Gender) values (5, 'Norina', 'Bonhomme', '2008668706', '710 Chinook Crossing', 'South Australia', 'Adelaide Mail Centre', '5889', 52, 'Female');
insert into ArcherTable (ArcherID, FirstName, LastName, PhoneNumber, Street, Suburb, City, Postcode, Age, Gender) values (6, 'Ronni', 'Wathen', '5953638289', '63246 Northport Court', 'South Australia', 'Adelaide Mail Centre', '5899', 27, 'Female');
insert into ArcherTable (ArcherID, FirstName, LastName, PhoneNumber, Street, Suburb, City, Postcode, Age, Gender) values (7, 'Matilde', 'Egdell', '7784484715', '22386 Northview Pass', 'South Australia', 'Adelaide Mail Centre', '5899', 59, 'Female');
insert into ArcherTable (ArcherID, FirstName, LastName, PhoneNumber, Street, Suburb, City, Postcode, Age, Gender) values (8, 'Dorisa', 'Hembling', '6415917247', '49966 Clyde Gallagher Center', 'South Australia', 'Adelaide Mail Centre', '5869', 59, 'Polygender');
insert into ArcherTable (ArcherID, FirstName, LastName, PhoneNumber, Street, Suburb, City, Postcode, Age, Gender) values (9, 'Randolph', 'Cron', '3283827336', '75824 Butternut Drive', 'South Australia', 'Adelaide Mail Centre', '5874', 72, 'Male');
insert into ArcherTable (ArcherID, FirstName, LastName, PhoneNumber, Street, Suburb, City, Postcode, Age, Gender) values (10, 'Dagny', 'Ioannou', '7618324783', '7 Old Gate Drive', 'South Australia', 'Adelaide Mail Centre', '5889', 35, 'Male');
insert into ArcherTable (ArcherID, FirstName, LastName, PhoneNumber, Street, Suburb, City, Postcode, Age, Gender) values (11, 'Nicoline', 'Yakutin', '1756271006', '25490 Ridgeview Drive', 'South Australia', 'Adelaide Mail Centre', '5889', 11, 'Female');
insert into ArcherTable (ArcherID, FirstName, LastName, PhoneNumber, Street, Suburb, City, Postcode, Age, Gender) values (12, 'Tommy', 'Holde', '9979690871', '2 Steensland Street', 'South Australia', 'Adelaide Mail Centre', '5899', 10, 'Female');
insert into ArcherTable (ArcherID, FirstName, LastName, PhoneNumber, Street, Suburb, City, Postcode, Age, Gender) values (13, 'Frants', 'Kemmis', '8891501303', '6 Maywood Trail', 'South Australia', 'Adelaide Mail Centre', '5889', 87, 'Male');
insert into ArcherTable (ArcherID, FirstName, LastName, PhoneNumber, Street, Suburb, City, Postcode, Age, Gender) values (14, 'Bev', 'Drinkall', '2597203576', '0 La Follette Crossing', 'South Australia', 'Adelaide Mail Centre', '5889', 67, 'Female');
insert into ArcherTable (ArcherID, FirstName, LastName, PhoneNumber, Street, Suburb, City, Postcode, Age, Gender) values (15, 'Salomone', 'Dowle', '6269384471', '253 Onsgard Way', 'South Australia', 'Adelaide Mail Centre', '5899', 76, 'Male');
insert into ArcherTable (ArcherID, FirstName, LastName, PhoneNumber, Street, Suburb, City, Postcode, Age, Gender) values (16, 'Ava', 'Jadczak', '1895182719', '70316 Old Gate Drive', 'South Australia', 'Adelaide Mail Centre', '5874', 79, 'Female');
insert into ArcherTable (ArcherID, FirstName, LastName, PhoneNumber, Street, Suburb, City, Postcode, Age, Gender) values (17, 'Jennee', 'Gavahan', '4821454629', '0 Bowman Road', 'South Australia', 'Adelaide Mail Centre', '5899', 90, 'Female');
insert into ArcherTable (ArcherID, FirstName, LastName, PhoneNumber, Street, Suburb, City, Postcode, Age, Gender) values (18, 'Edyth', 'Sterricks', '5027009199', '58031 Quincy Way', 'South Australia', 'Adelaide Mail Centre', '5889', 39, 'Female');
insert into ArcherTable (ArcherID, FirstName, LastName, PhoneNumber, Street, Suburb, City, Postcode, Age, Gender) values (19, 'Kayne', 'Reye', '9089966081', '44876 Farwell Circle', 'South Australia', 'Adelaide Mail Centre', '5869', 24, 'Male');
insert into ArcherTable (ArcherID, FirstName, LastName, PhoneNumber, Street, Suburb, City, Postcode, Age, Gender) values (20, 'Tera', 'Winmill', '7381167956', '0187 Golf Way', 'South Australia', 'Adelaide', '5839', 75, 'Female');
insert into ArcherTable (ArcherID, FirstName, LastName, PhoneNumber, Street, Suburb, City, Postcode, Age, Gender) values (21, 'Tanner', 'Fuentes', '9218017719', '57606 Lerdahl Avenue', 'South Australia', 'Adelaide Mail Centre', '5869', 58, 'Male');
insert into ArcherTable (ArcherID, FirstName, LastName, PhoneNumber, Street, Suburb, City, Postcode, Age, Gender) values (22, 'Cassandre', 'Blachford', '3048956134', '6 Meadow Vale Circle', 'South Australia', 'Adelaide', '5839', 31, 'Genderqueer');
insert into ArcherTable (ArcherID, FirstName, LastName, PhoneNumber, Street, Suburb, City, Postcode, Age, Gender) values (23, 'Hastings', 'Vagg', '5583381085', '22 Buell Park', 'South Australia', 'Adelaide', '5839', 77, 'Male');
insert into ArcherTable (ArcherID, FirstName, LastName, PhoneNumber, Street, Suburb, City, Postcode, Age, Gender) values (24, 'Atlanta', 'Ilyuchyov', '8256110884', '40 Gulseth Court', 'South Australia', 'Adelaide Mail Centre', '5899', 56, 'Female');
insert into ArcherTable (ArcherID, FirstName, LastName, PhoneNumber, Street, Suburb, City, Postcode, Age, Gender) values (25, 'Kin', 'Orae', '7033174919', '40364 Walton Drive', 'South Australia', 'Adelaide Mail Centre', '5869', 49, 'Male');
insert into ArcherTable (ArcherID, FirstName, LastName, PhoneNumber, Street, Suburb, City, Postcode, Age, Gender) values (26, 'Denice', 'Newstead', '6587205775', '782 Becker Place', 'South Australia', 'Adelaide', '5839', 72, 'Female');
insert into ArcherTable (ArcherID, FirstName, LastName, PhoneNumber, Street, Suburb, City, Postcode, Age, Gender) values (27, 'Cecily', 'Baish', '8194580272', '4 Rigney Street', 'South Australia', 'Adelaide Mail Centre', '5874', 65, 'Female');
insert into ArcherTable (ArcherID, FirstName, LastName, PhoneNumber, Street, Suburb, City, Postcode, Age, Gender) values (28, 'Lottie', 'Ethelston', '8903923717', '8 Delaware Alley', 'South Australia', 'Adelaide Mail Centre', '5899', 32, 'Female');
insert into ArcherTable (ArcherID, FirstName, LastName, PhoneNumber, Street, Suburb, City, Postcode, Age, Gender) values (29, 'Klarika', 'Frushard', '5077820988', '4878 Clyde Gallagher Street', 'South Australia', 'Adelaide Mail Centre', '5889', 22, 'Female');
insert into ArcherTable (ArcherID, FirstName, LastName, PhoneNumber, Street, Suburb, City, Postcode, Age, Gender) values (30, 'Berty', 'Kay', '5705875305', '2199 Brentwood Avenue', 'South Australia', 'Adelaide', '5839', 58, 'Male');
insert into ArcherTable (ArcherID, FirstName, LastName, PhoneNumber, Street, Suburb, City, Postcode, Age, Gender) values (31, 'Joelle', 'Regler', '6241001699', '68463 Grover Hill', 'South Australia', 'Adelaide Mail Centre', '5899', 76, 'Female');
insert into ArcherTable (ArcherID, FirstName, LastName, PhoneNumber, Street, Suburb, City, Postcode, Age, Gender) values (32, 'Chloette', 'Redmile', '3094127189', '42 Hoepker Circle', 'South Australia', 'Adelaide Mail Centre', '5869', 51, 'Polygender');
insert into ArcherTable (ArcherID, FirstName, LastName, PhoneNumber, Street, Suburb, City, Postcode, Age, Gender) values (33, 'Fabio', 'Rawlison', '6053704617', '258 Lake View Plaza', 'South Australia', 'Adelaide', '5839', 20, 'Male');
insert into ArcherTable (ArcherID, FirstName, LastName, PhoneNumber, Street, Suburb, City, Postcode, Age, Gender) values (34, 'Adelbert', 'Airy', '7536949442', '4684 American Plaza', 'South Australia', 'Adelaide', '5839', 27, 'Bigender');
insert into ArcherTable (ArcherID, FirstName, LastName, PhoneNumber, Street, Suburb, City, Postcode, Age, Gender) values (35, 'Filia', 'Neaves', '6271949254', '776 Shelley Terrace', 'South Australia', 'Adelaide Mail Centre', '5874', 40, 'Female');
insert into ArcherTable (ArcherID, FirstName, LastName, PhoneNumber, Street, Suburb, City, Postcode, Age, Gender) values (36, 'Clementina', 'Silberschatz', '5431217658', '940 Clemons Point', 'South Australia', 'Adelaide Mail Centre', '5889', 50, 'Agender');
insert into ArcherTable (ArcherID, FirstName, LastName, PhoneNumber, Street, Suburb, City, Postcode, Age, Gender) values (37, 'Rosalyn', 'Alfuso', '1729799885', '52 Continental Court', 'South Australia', 'Adelaide Mail Centre', '5899', 19, 'Female');
insert into ArcherTable (ArcherID, FirstName, LastName, PhoneNumber, Street, Suburb, City, Postcode, Age, Gender) values (38, 'Carrol', 'Beynke', '3921653849', '71 Golden Leaf Trail', 'South Australia', 'Adelaide Mail Centre', '5899', 76, 'Male');
insert into ArcherTable (ArcherID, FirstName, LastName, PhoneNumber, Street, Suburb, City, Postcode, Age, Gender) values (39, 'Padgett', 'Peach', '2438488173', '035 Randy Lane', 'South Australia', 'Adelaide Mail Centre', '5869', 17, 'Male');
insert into ArcherTable (ArcherID, FirstName, LastName, PhoneNumber, Street, Suburb, City, Postcode, Age, Gender) values (40, 'Kathleen', 'Flett', '6516452433', '82 Westend Junction', 'South Australia', 'Adelaide', '5839', 24, 'Agender');
insert into ArcherTable (ArcherID, FirstName, LastName, PhoneNumber, Street, Suburb, City, Postcode, Age, Gender) values (41, 'Kyla', 'Caveney', '1788047327', '80976 Paget Court', 'South Australia', 'Adelaide Mail Centre', '5869', 34, 'Female');
insert into ArcherTable (ArcherID, FirstName, LastName, PhoneNumber, Street, Suburb, City, Postcode, Age, Gender) values (42, 'Ninette', 'Suett', '3851909969', '10467 Macpherson Plaza', 'South Australia', 'Adelaide Mail Centre', '5874', 43, 'Agender');
insert into ArcherTable (ArcherID, FirstName, LastName, PhoneNumber, Street, Suburb, City, Postcode, Age, Gender) values (43, 'Cordy', 'Heilds', '8782975227', '82018 Trailsway Crossing', 'South Australia', 'Adelaide Mail Centre', '5874', 70, 'Male');
insert into ArcherTable (ArcherID, FirstName, LastName, PhoneNumber, Street, Suburb, City, Postcode, Age, Gender) values (44, 'Lolita', 'Stallworth', '6589806123', '481 Schiller Junction', 'South Australia', 'Adelaide Mail Centre', '5889', 86, 'Female');
insert into ArcherTable (ArcherID, FirstName, LastName, PhoneNumber, Street, Suburb, City, Postcode, Age, Gender) values (45, 'Trudey', 'Swadden', '2665585243', '01125 Hollow Ridge Drive', 'South Australia', 'Adelaide Mail Centre', '5874', 66, 'Female');
insert into ArcherTable (ArcherID, FirstName, LastName, PhoneNumber, Street, Suburb, City, Postcode, Age, Gender) values (46, 'Helaine', 'Grisley', '8074167169', '745 Heath Center', 'South Australia', 'Adelaide Mail Centre', '5889', 81, 'Female');
insert into ArcherTable (ArcherID, FirstName, LastName, PhoneNumber, Street, Suburb, City, Postcode, Age, Gender) values (47, 'Wilek', 'Halladey', '2846439158', '77 Forest Street', 'South Australia', 'Adelaide Mail Centre', '5869', 85, 'Male');
insert into ArcherTable (ArcherID, FirstName, LastName, PhoneNumber, Street, Suburb, City, Postcode, Age, Gender) values (48, 'Sarge', 'Oldacre', '2137214019', '20501 Fordem Junction', 'South Australia', 'Adelaide', '5839', 14, 'Male');
insert into ArcherTable (ArcherID, FirstName, LastName, PhoneNumber, Street, Suburb, City, Postcode, Age, Gender) values (49, 'Flossie', 'Conklin', '7469411911', '791 Veith Lane', 'South Australia', 'Adelaide', '5839', 86, 'Female');
insert into ArcherTable (ArcherID, FirstName, LastName, PhoneNumber, Street, Suburb, City, Postcode, Age, Gender) values (50, 'Waring', 'Saffell', '4576313437', '7 Grayhawk Circle', 'South Australia', 'Adelaide Mail Centre', '5869', 35, 'Male');
insert into ArcherTable (ArcherID, FirstName, LastName, PhoneNumber, Street, Suburb, City, Postcode, Age, Gender) values (51, 'Violette', 'Glover', '9947260602', '18342 Bunker Hill Way', 'South Australia', 'Adelaide Mail Centre', '5889', 39, 'Female');
insert into ArcherTable (ArcherID, FirstName, LastName, PhoneNumber, Street, Suburb, City, Postcode, Age, Gender) values (52, 'Bond', 'Elsworth', '2852976680', '85 Northland Court', 'South Australia', 'Adelaide Mail Centre', '5889', 35, 'Male');
insert into ArcherTable (ArcherID, FirstName, LastName, PhoneNumber, Street, Suburb, City, Postcode, Age, Gender) values (53, 'Stefa', 'Wapol', '7497491790', '35 La Follette Circle', 'South Australia', 'Adelaide Mail Centre', '5889', 16, 'Female');
insert into ArcherTable (ArcherID, FirstName, LastName, PhoneNumber, Street, Suburb, City, Postcode, Age, Gender) values (54, 'Nonnah', 'Virgoe', '3139382163', '2 Brickson Park Junction', 'South Australia', 'Adelaide Mail Centre', '5889', 44, 'Female');
insert into ArcherTable (ArcherID, FirstName, LastName, PhoneNumber, Street, Suburb, City, Postcode, Age, Gender) values (55, 'Angeli', 'Feast', '1274997722', '6287 Annamark Avenue', 'South Australia', 'Adelaide Mail Centre', '5869', 50, 'Male');
insert into ArcherTable (ArcherID, FirstName, LastName, PhoneNumber, Street, Suburb, City, Postcode, Age, Gender) values (56, 'Javier', 'Vescovo', '5166845391', '690 Hagan Trail', 'South Australia', 'Adelaide', '5839', 69, 'Male');
insert into ArcherTable (ArcherID, FirstName, LastName, PhoneNumber, Street, Suburb, City, Postcode, Age, Gender) values (57, 'Kittie', 'McBlain', '7052991350', '831 Lakewood Parkway', 'South Australia', 'Adelaide Mail Centre', '5869', 51, 'Non-binary');
insert into ArcherTable (ArcherID, FirstName, LastName, PhoneNumber, Street, Suburb, City, Postcode, Age, Gender) values (58, 'Danit', 'Brager', '4677407651', '0681 Magdeline Street', 'South Australia', 'Adelaide Mail Centre', '5874', 85, 'Bigender');
insert into ArcherTable (ArcherID, FirstName, LastName, PhoneNumber, Street, Suburb, City, Postcode, Age, Gender) values (59, 'Tobie', 'Lafond', '8413632300', '6 Delladonna Way', 'South Australia', 'Adelaide Mail Centre', '5869', 33, 'Male');
insert into ArcherTable (ArcherID, FirstName, LastName, PhoneNumber, Street, Suburb, City, Postcode, Age, Gender) values (60, 'Penn', 'Weinmann', '4728758670', '1479 Blackbird Point', 'South Australia', 'Adelaide Mail Centre', '5874', 34, 'Male');
insert into ArcherTable (ArcherID, FirstName, LastName, PhoneNumber, Street, Suburb, City, Postcode, Age, Gender) values (61, 'Ruperta', 'Iseton', '5796989937', '0628 Manufacturers Lane', 'South Australia', 'Adelaide Mail Centre', '5874', 31, 'Female');
insert into ArcherTable (ArcherID, FirstName, LastName, PhoneNumber, Street, Suburb, City, Postcode, Age, Gender) values (62, 'Rollie', 'Simon', '4022131913', '39 Merrick Crossing', 'South Australia', 'Adelaide Mail Centre', '5899', 86, 'Male');
insert into ArcherTable (ArcherID, FirstName, LastName, PhoneNumber, Street, Suburb, City, Postcode, Age, Gender) values (63, 'Monah', 'Delacourt', '7732602531', '2947 Lindbergh Drive', 'South Australia', 'Adelaide Mail Centre', '5874', 71, 'Female');
insert into ArcherTable (ArcherID, FirstName, LastName, PhoneNumber, Street, Suburb, City, Postcode, Age, Gender) values (64, 'Bobina', 'Thunders', '7514639573', '63 Eagle Crest Circle', 'South Australia', 'Adelaide Mail Centre', '5874', 35, 'Female');
insert into ArcherTable (ArcherID, FirstName, LastName, PhoneNumber, Street, Suburb, City, Postcode, Age, Gender) values (65, 'Olivie', 'Speedy', '3602134131', '7970 Manley Park', 'South Australia', 'Adelaide Mail Centre', '5869', 44, 'Female');
insert into ArcherTable (ArcherID, FirstName, LastName, PhoneNumber, Street, Suburb, City, Postcode, Age, Gender) values (66, 'Bidget', 'Bassilashvili', '5871680726', '096 Northview Avenue', 'South Australia', 'Adelaide Mail Centre', '5869', 72, 'Female');
insert into ArcherTable (ArcherID, FirstName, LastName, PhoneNumber, Street, Suburb, City, Postcode, Age, Gender) values (67, 'Rupert', 'Snaddon', '4858263667', '2704 Algoma Drive', 'South Australia', 'Adelaide Mail Centre', '5889', 88, 'Male');
insert into ArcherTable (ArcherID, FirstName, LastName, PhoneNumber, Street, Suburb, City, Postcode, Age, Gender) values (68, 'Anny', 'Carabet', '1262718456', '808 Becker Terrace', 'South Australia', 'Adelaide Mail Centre', '5869', 15, 'Female');
insert into ArcherTable (ArcherID, FirstName, LastName, PhoneNumber, Street, Suburb, City, Postcode, Age, Gender) values (69, 'Donni', 'Ingleston', '3405713352', '39 Columbus Crossing', 'South Australia', 'Adelaide', '5839', 20, 'Female');
insert into ArcherTable (ArcherID, FirstName, LastName, PhoneNumber, Street, Suburb, City, Postcode, Age, Gender) values (70, 'Flint', 'Sadler', '5644346517', '57 Stephen Crossing', 'South Australia', 'Adelaide', '5839', 22, 'Male');
insert into ArcherTable (ArcherID, FirstName, LastName, PhoneNumber, Street, Suburb, City, Postcode, Age, Gender) values (71, 'Kathye', 'Troucher', '3165743538', '00052 Monument Point', 'South Australia', 'Adelaide Mail Centre', '5899', 74, 'Female');
insert into ArcherTable (ArcherID, FirstName, LastName, PhoneNumber, Street, Suburb, City, Postcode, Age, Gender) values (72, 'Clayton', 'Ganning', '5795254153', '615 Jana Crossing', 'South Australia', 'Adelaide Mail Centre', '5889', 47, 'Male');
insert into ArcherTable (ArcherID, FirstName, LastName, PhoneNumber, Street, Suburb, City, Postcode, Age, Gender) values (73, 'Prissie', 'Bensusan', '9634003648', '515 8th Circle', 'South Australia', 'Adelaide Mail Centre', '5869', 39, 'Female');
insert into ArcherTable (ArcherID, FirstName, LastName, PhoneNumber, Street, Suburb, City, Postcode, Age, Gender) values (74, 'Huntley', 'Felmingham', '7569925787', '63025 Spaight Circle', 'South Australia', 'Adelaide Mail Centre', '5869', 63, 'Male');
insert into ArcherTable (ArcherID, FirstName, LastName, PhoneNumber, Street, Suburb, City, Postcode, Age, Gender) values (75, 'Culver', 'Screach', '3403889844', '68819 Division Point', 'South Australia', 'Adelaide Mail Centre', '5869', 87, 'Male');
insert into ArcherTable (ArcherID, FirstName, LastName, PhoneNumber, Street, Suburb, City, Postcode, Age, Gender) values (76, 'Gale', 'Upcraft', '5348118751', '40986 Donald Pass', 'South Australia', 'Adelaide Mail Centre', '5899', 44, 'Female');
insert into ArcherTable (ArcherID, FirstName, LastName, PhoneNumber, Street, Suburb, City, Postcode, Age, Gender) values (77, 'Elijah', 'Emlin', '8441485398', '2215 Ronald Regan Plaza', 'South Australia', 'Adelaide', '5839', 86, 'Male');
insert into ArcherTable (ArcherID, FirstName, LastName, PhoneNumber, Street, Suburb, City, Postcode, Age, Gender) values (78, 'Rosalind', 'Gillicuddy', '1012436605', '35 Pond Place', 'South Australia', 'Adelaide Mail Centre', '5899', 10, 'Female');
insert into ArcherTable (ArcherID, FirstName, LastName, PhoneNumber, Street, Suburb, City, Postcode, Age, Gender) values (79, 'Shay', 'Goodhew', '1164388622', '9685 Morning Road', 'South Australia', 'Adelaide Mail Centre', '5869', 65, 'Female');
insert into ArcherTable (ArcherID, FirstName, LastName, PhoneNumber, Street, Suburb, City, Postcode, Age, Gender) values (80, 'Germayne', 'Ibell', '5677370731', '527 Chive Avenue', 'South Australia', 'Adelaide Mail Centre', '5869', 24, 'Male');
insert into ArcherTable (ArcherID, FirstName, LastName, PhoneNumber, Street, Suburb, City, Postcode, Age, Gender) values (81, 'Malvina', 'Stickles', '9777238014', '4 Toban Pass', 'South Australia', 'Adelaide Mail Centre', '5874', 21, 'Female');
insert into ArcherTable (ArcherID, FirstName, LastName, PhoneNumber, Street, Suburb, City, Postcode, Age, Gender) values (82, 'Waldo', 'Fleote', '2948889819', '91503 Spaight Hill', 'South Australia', 'Adelaide Mail Centre', '5869', 87, 'Male');
insert into ArcherTable (ArcherID, FirstName, LastName, PhoneNumber, Street, Suburb, City, Postcode, Age, Gender) values (83, 'Carmelia', 'Paulich', '3293010958', '49203 Eastlawn Way', 'South Australia', 'Adelaide', '5839', 45, 'Polygender');
insert into ArcherTable (ArcherID, FirstName, LastName, PhoneNumber, Street, Suburb, City, Postcode, Age, Gender) values (84, 'Carleen', 'Thuillier', '1547512024', '24 Northridge Alley', 'South Australia', 'Adelaide Mail Centre', '5899', 80, 'Female');
insert into ArcherTable (ArcherID, FirstName, LastName, PhoneNumber, Street, Suburb, City, Postcode, Age, Gender) values (85, 'Randie', 'O''Hdirscoll', '7866681244', '54105 Lillian Alley', 'South Australia', 'Adelaide', '5839', 63, 'Male');
insert into ArcherTable (ArcherID, FirstName, LastName, PhoneNumber, Street, Suburb, City, Postcode, Age, Gender) values (86, 'Aland', 'Huckfield', '2195051335', '09844 Arkansas Parkway', 'South Australia', 'Adelaide Mail Centre', '5874', 75, 'Male');
insert into ArcherTable (ArcherID, FirstName, LastName, PhoneNumber, Street, Suburb, City, Postcode, Age, Gender) values (87, 'Chiquia', 'Tutchell', '7844763550', '0 Fallview Trail', 'South Australia', 'Adelaide Mail Centre', '5899', 21, 'Genderqueer');
insert into ArcherTable (ArcherID, FirstName, LastName, PhoneNumber, Street, Suburb, City, Postcode, Age, Gender) values (88, 'Ilaire', 'Daintier', '3716692094', '46 Independence Plaza', 'South Australia', 'Adelaide Mail Centre', '5874', 65, 'Male');
insert into ArcherTable (ArcherID, FirstName, LastName, PhoneNumber, Street, Suburb, City, Postcode, Age, Gender) values (89, 'Mechelle', 'Northin', '8316356702', '6559 Vahlen Trail', 'South Australia', 'Adelaide Mail Centre', '5899', 53, 'Polygender');
insert into ArcherTable (ArcherID, FirstName, LastName, PhoneNumber, Street, Suburb, City, Postcode, Age, Gender) values (90, 'Darill', 'Arkow', '1577740704', '66072 Aberg Street', 'South Australia', 'Adelaide Mail Centre', '5899', 66, 'Male');
insert into ArcherTable (ArcherID, FirstName, LastName, PhoneNumber, Street, Suburb, City, Postcode, Age, Gender) values (91, 'Monroe', 'Trevor', '8684127993', '6942 Farmco Hill', 'South Australia', 'Adelaide Mail Centre', '5889', 11, 'Male');
insert into ArcherTable (ArcherID, FirstName, LastName, PhoneNumber, Street, Suburb, City, Postcode, Age, Gender) values (92, 'Claire', 'Valder', '2695813503', '5171 High Crossing Way', 'South Australia', 'Adelaide Mail Centre', '5899', 25, 'Female');
insert into ArcherTable (ArcherID, FirstName, LastName, PhoneNumber, Street, Suburb, City, Postcode, Age, Gender) values (93, 'Lawton', 'Manilow', '8517797775', '926 Maple Junction', 'South Australia', 'Adelaide Mail Centre', '5899', 29, 'Male');
insert into ArcherTable (ArcherID, FirstName, LastName, PhoneNumber, Street, Suburb, City, Postcode, Age, Gender) values (94, 'Molly', 'Feeney', '8154968279', '696 Graceland Point', 'South Australia', 'Adelaide', '5839', 29, 'Female');
insert into ArcherTable (ArcherID, FirstName, LastName, PhoneNumber, Street, Suburb, City, Postcode, Age, Gender) values (95, 'Barb', 'Budding', '3764264993', '5764 Florence Lane', 'South Australia', 'Adelaide', '5839', 16, 'Female');
insert into ArcherTable (ArcherID, FirstName, LastName, PhoneNumber, Street, Suburb, City, Postcode, Age, Gender) values (96, 'Davon', 'Jeannequin', '9686996816', '1772 Forest Lane', 'South Australia', 'Adelaide Mail Centre', '5869', 72, 'Male');
insert into ArcherTable (ArcherID, FirstName, LastName, PhoneNumber, Street, Suburb, City, Postcode, Age, Gender) values (97, 'Hyman', 'Ellph', '2027395361', '0440 Laurel Trail', 'South Australia', 'Adelaide Mail Centre', '5899', 83, 'Male');
insert into ArcherTable (ArcherID, FirstName, LastName, PhoneNumber, Street, Suburb, City, Postcode, Age, Gender) values (98, 'Lilyan', 'Baumadier', '8231711580', '9860 Victoria Circle', 'South Australia', 'Adelaide Mail Centre', '5899', 42, 'Female');
insert into ArcherTable (ArcherID, FirstName, LastName, PhoneNumber, Street, Suburb, City, Postcode, Age, Gender) values (99, 'Antoine', 'Engall', '5623146670', '047 Gina Hill', 'South Australia', 'Adelaide', '5839', 77, 'Male');
insert into ArcherTable (ArcherID, FirstName, LastName, PhoneNumber, Street, Suburb, City, Postcode, Age, Gender) values (100, 'Shurlock', 'Troke', '5554616440', '4460 Spenser Plaza', 'South Australia', 'Adelaide', '5839', 11, 'Male');

-- Inserting data into ClubScorerTable
INSERT INTO ClubScorerTable (ClubScorerID, FirstName, LastName, PhoneNumber, Street, Surburb, City, Postcode, Age, Gender)
VALUES
(1, 'Alice', 'Johnson', '0987654321', '789 Bowstring Ave', 'Arrowood', 'Bullseye City', '9101', 35, 'Female'),
(2, 'Bob', 'Williams', NULL, NULL, NULL, NULL, NULL, NULL, NULL);

INSERT INTO DivisionTable (DivisionID, Gender, Age, Recurve, Compound, RecurveBarebow, CompoundBarebow, Longbow)
VALUES
(1, 'Female', NULL, 1, 1, 0, 0, 0), -- Female Open
(2, 'Male', NULL, 1, 1, 1, 1, 1), -- Male Open
(3, 'Female', 50, 1, 0, 0, 1, 0), -- Female 50+
(4, 'Male', 50, 1, 0, 0, 0, 1), -- Male 50+
(5, 'Female', 60, 0, 0, 0, 1, 1), -- Female 60+
(6, 'Male', 60, 0, 0, 0, 0, 1), -- Male 60+
(7, 'Female', 70, 1, 0, 0, 1, 1), -- Female 70+
(8, 'Male', 70, 1, 0, 1, 0, 0), -- Male 70+
(9, 'Female', 21, 0, 0, 0, 1, 1), -- Under 21 Female
(10, 'Male', 21, 0, 1, 0, 1, 1), -- Under 21 Male
(11, 'Female', 18, 0, 1, 1, 0, 0), -- Under 18 Female
(12, 'Male', 18, 1, 0, 0, 0, 1), -- Under 18 Male
(13, 'Female', 16, 0, 0, 0, 0, 1), -- Under 16 Female
(14, 'Male', 16, 1, 0, 0, 0, 1), -- Under 16 Male
(15, 'Female', 14, 0, 1, 0, 1, 1), -- Under 14 Female
(16, 'Male', 14, 0, 0, 0, 1, 1); -- Under 14 Male

-- Inserting data into CompetitionTable
INSERT INTO CompetitionTable (CompetitionID, DivisionID, ArcherID, startDate, startTime)
VALUES
(1, 1, 1, '2024-04-29', '08:00:00'),
(2, 2, 2, '2024-04-30', NULL);

-- Inserting data into ScoreTable
INSERT INTO ScoreTable (ScoreID, ArcherID, CompetitionID, TotalScore)
VALUES
(1, 1, 1, 250),
(2, 2, 2, NULL);

-- Inserting data into RoundTable
INSERT INTO RoundTable (RoundID, CompetitionID, ScoreID, TargetDistance, ArrowAmount)
VALUES
(1, 1, 1, 50, 6),
(2, 2, 2, 70, NULL);

-- Inserting data into ArrowTable
INSERT INTO ArrowTable (ArrowID, ArcherID, RoundID, Arrow1, Arrow2, Arrow3, Arrow4, Arrow5, Arrow6)
VALUES
(1, 1, 1, 9, 7, 5, 10, 8, NULL),
(2, 2, 2, 8, 9, NULL, NULL, 6, 5);
