insert into ArcherTable (ArcherID, FirstName, LastName, PhoneNumber, Street, Suburb, City, Postcode, Age, Gender) values (1, 'Rhodie', 'Rider', '3309705020', '76 Cascade Parkway', 'Ohio', 'Akron', '44310', 61, 'Non-binary');
insert into ArcherTable (ArcherID, FirstName, LastName, PhoneNumber, Street, Suburb, City, Postcode, Age, Gender) values (2, 'Teador', 'Keems', '5109040337', '035 Debs Plaza', 'California', 'Oakland', '94611', 39, 'Male');
insert into ArcherTable (ArcherID, FirstName, LastName, PhoneNumber, Street, Suburb, City, Postcode, Age, Gender) values (3, 'Marcos', 'Escoffrey', '2028489773', '63454 Starling Point', 'District of Columbia', 'Washington', '20310', 10, 'Male');
insert into ArcherTable (ArcherID, FirstName, LastName, PhoneNumber, Street, Suburb, City, Postcode, Age, Gender) values (4, 'Dewain', 'Mathes', '7274882327', '2671 Kedzie Way', 'Florida', 'Largo', '34643', 44, 'Male');
insert into ArcherTable (ArcherID, FirstName, LastName, PhoneNumber, Street, Suburb, City, Postcode, Age, Gender) values (5, 'Reinwald', 'Livermore', '3105725267', '0097 Canary Trail', 'California', 'Long Beach', '90805', 71, 'Male');
insert into ArcherTable (ArcherID, FirstName, LastName, PhoneNumber, Street, Suburb, City, Postcode, Age, Gender) values (6, 'Fax', 'Royal', '2026192081', '42730 Farragut Hill', 'District of Columbia', 'Washington', '20057', 23, 'Male');
insert into ArcherTable (ArcherID, FirstName, LastName, PhoneNumber, Street, Suburb, City, Postcode, Age, Gender) values (7, 'Harriett', 'Sirmond', '4699471523', '81509 Commercial Center', 'Texas', 'Dallas', '75205', 49, 'Female');
insert into ArcherTable (ArcherID, FirstName, LastName, PhoneNumber, Street, Suburb, City, Postcode, Age, Gender) values (8, 'Enriqueta', 'Caret', '4103720641', '6164 Oneill Center', 'Maryland', 'Baltimore', '21229', 34, 'Female');
insert into ArcherTable (ArcherID, FirstName, LastName, PhoneNumber, Street, Suburb, City, Postcode, Age, Gender) values (9, 'Luigi', 'Shoreson', '8182669440', '35082 Comanche Road', 'California', 'Santa Monica', '90405', 89, 'Male');
insert into ArcherTable (ArcherID, FirstName, LastName, PhoneNumber, Street, Suburb, City, Postcode, Age, Gender) values (10, 'Trevor', 'Lishmund', '9153608144', '17 New Castle Hill', 'Texas', 'El Paso', '88546', 48, 'Male');
insert into ArcherTable (ArcherID, FirstName, LastName, PhoneNumber, Street, Suburb, City, Postcode, Age, Gender) values (11, 'Johannah', 'Pomphrett', '2624208573', '3 Transport Trail', 'Wisconsin', 'Racine', '53405', 23, 'Female');
insert into ArcherTable (ArcherID, FirstName, LastName, PhoneNumber, Street, Suburb, City, Postcode, Age, Gender) values (12, 'Tim', 'Sheirlaw', '7759379566', '04 Springs Avenue', 'Nevada', 'Reno', '89519', 34, 'Female');
insert into ArcherTable (ArcherID, FirstName, LastName, PhoneNumber, Street, Suburb, City, Postcode, Age, Gender) values (13, 'Blakeley', 'Mantha', '2161454637', '10 Summer Ridge Crossing', 'Ohio', 'Cleveland', '44191', 27, 'Female');
insert into ArcherTable (ArcherID, FirstName, LastName, PhoneNumber, Street, Suburb, City, Postcode, Age, Gender) values (14, 'Elane', 'Cartlidge', '7197471136', '099 Talisman Alley', 'Colorado', 'Colorado Springs', '80915', 34, 'Female');
insert into ArcherTable (ArcherID, FirstName, LastName, PhoneNumber, Street, Suburb, City, Postcode, Age, Gender) values (15, 'Drucy', 'Loyd', '5857441233', '709 Hagan Drive', 'New York', 'Rochester', '14619', 31, 'Genderfluid');
insert into ArcherTable (ArcherID, FirstName, LastName, PhoneNumber, Street, Suburb, City, Postcode, Age, Gender) values (16, 'Janet', 'Larroway', '9048847552', '72 Old Shore Park', 'Florida', 'Saint Augustine', '32092', 76, 'Female');
insert into ArcherTable (ArcherID, FirstName, LastName, PhoneNumber, Street, Suburb, City, Postcode, Age, Gender) values (17, 'Kalvin', 'MacAnespie', '2402879166', '6 Sachtjen Park', 'Maryland', 'Frederick', '21705', 22, 'Male');
insert into ArcherTable (ArcherID, FirstName, LastName, PhoneNumber, Street, Suburb, City, Postcode, Age, Gender) values (18, 'Kylie', 'Nellen', '9158175998', '73 Lakeland Junction', 'Texas', 'El Paso', '88579', 54, 'Non-binary');
insert into ArcherTable (ArcherID, FirstName, LastName, PhoneNumber, Street, Suburb, City, Postcode, Age, Gender) values (19, 'Nadia', 'Dellar', '8143503584', '3708 Judy Avenue', 'Pennsylvania', 'Erie', '16550', 36, 'Female');
insert into ArcherTable (ArcherID, FirstName, LastName, PhoneNumber, Street, Suburb, City, Postcode, Age, Gender) values (20, 'Leeanne', 'Brauner', '9529307682', '686 Darwin Alley', 'Minnesota', 'Young America', '55551', 67, 'Agender');
insert into ArcherTable (ArcherID, FirstName, LastName, PhoneNumber, Street, Suburb, City, Postcode, Age, Gender) values (21, 'Montague', 'Blumson', '5174702579', '98715 Lyons Way', 'Michigan', 'Lansing', '48901', 14, 'Male');
insert into ArcherTable (ArcherID, FirstName, LastName, PhoneNumber, Street, Suburb, City, Postcode, Age, Gender) values (22, 'Ricky', 'Dunridge', '3125378575', '9098 Morrow Road', 'Illinois', 'Chicago', '60614', 46, 'Male');
insert into ArcherTable (ArcherID, FirstName, LastName, PhoneNumber, Street, Suburb, City, Postcode, Age, Gender) values (23, 'Culver', 'Roxbrough', '3235845939', '470 8th Lane', 'California', 'Los Angeles', '90015', 12, 'Bigender');
insert into ArcherTable (ArcherID, FirstName, LastName, PhoneNumber, Street, Suburb, City, Postcode, Age, Gender) values (24, 'Thibaud', 'Sills', '2605144562', '66915 Dapin Plaza', 'Indiana', 'Fort Wayne', '46896', 75, 'Male');
insert into ArcherTable (ArcherID, FirstName, LastName, PhoneNumber, Street, Suburb, City, Postcode, Age, Gender) values (25, 'Sonnie', 'Beavon', '7188643494', '32244 Mccormick Center', 'New York', 'Jamaica', '11480', 60, 'Male');
insert into ArcherTable (ArcherID, FirstName, LastName, PhoneNumber, Street, Suburb, City, Postcode, Age, Gender) values (26, 'Dawn', 'Vize', '7186049644', '24 Bayside Avenue', 'New York', 'Bronx', '10459', 42, 'Genderfluid');
insert into ArcherTable (ArcherID, FirstName, LastName, PhoneNumber, Street, Suburb, City, Postcode, Age, Gender) values (27, 'Valentina', 'Rominov', '2671840121', '98222 Clove Way', 'Pennsylvania', 'Philadelphia', '19146', 80, 'Female');
insert into ArcherTable (ArcherID, FirstName, LastName, PhoneNumber, Street, Suburb, City, Postcode, Age, Gender) values (28, 'Marsiella', 'Schneidau', '3866438273', '29008 Marcy Trail', 'Florida', 'Daytona Beach', '32123', 53, 'Female');
insert into ArcherTable (ArcherID, FirstName, LastName, PhoneNumber, Street, Suburb, City, Postcode, Age, Gender) values (29, 'Pauletta', 'Cunney', '3075295053', '74 Union Way', 'Wyoming', 'Cheyenne', '82007', 71, 'Female');
insert into ArcherTable (ArcherID, FirstName, LastName, PhoneNumber, Street, Suburb, City, Postcode, Age, Gender) values (30, 'Omero', 'Clymo', '3121152309', '614 Dryden Point', 'Illinois', 'Schaumburg', '60193', 19, 'Male');
insert into ArcherTable (ArcherID, FirstName, LastName, PhoneNumber, Street, Suburb, City, Postcode, Age, Gender) values (31, 'Malanie', 'Kingsly', '3047206341', '51750 Bultman Center', 'West Virginia', 'Huntington', '25726', 67, 'Female');
insert into ArcherTable (ArcherID, FirstName, LastName, PhoneNumber, Street, Suburb, City, Postcode, Age, Gender) values (32, 'Simmonds', 'Kroch', '8101133065', '76018 Stuart Crossing', 'Michigan', 'Detroit', '48211', 61, 'Male');
insert into ArcherTable (ArcherID, FirstName, LastName, PhoneNumber, Street, Suburb, City, Postcode, Age, Gender) values (33, 'Eustace', 'Saller', '3186625775', '542 Eliot Point', 'Louisiana', 'Shreveport', '71115', 25, 'Male');
insert into ArcherTable (ArcherID, FirstName, LastName, PhoneNumber, Street, Suburb, City, Postcode, Age, Gender) values (34, 'Blinny', 'Tucsell', '2165342732', '78 Kennedy Place', 'Ohio', 'Cleveland', '44130', 29, 'Female');
insert into ArcherTable (ArcherID, FirstName, LastName, PhoneNumber, Street, Suburb, City, Postcode, Age, Gender) values (35, 'Lesley', 'Diddams', '8136572063', '4 Trailsway Alley', 'Florida', 'Tampa', '33647', 24, 'Male');
insert into ArcherTable (ArcherID, FirstName, LastName, PhoneNumber, Street, Suburb, City, Postcode, Age, Gender) values (36, 'Liuka', 'Donegan', '3304522502', '85 Del Sol Parkway', 'Ohio', 'Akron', '44310', 26, 'Female');
insert into ArcherTable (ArcherID, FirstName, LastName, PhoneNumber, Street, Suburb, City, Postcode, Age, Gender) values (37, 'Kris', 'Renhard', '5091259963', '7173 Northland Point', 'Washington', 'Spokane', '99205', 63, 'Female');
insert into ArcherTable (ArcherID, FirstName, LastName, PhoneNumber, Street, Suburb, City, Postcode, Age, Gender) values (38, 'Matthias', 'Cluer', '2093436506', '8367 Victoria Crossing', 'California', 'Modesto', '95354', 81, 'Male');
insert into ArcherTable (ArcherID, FirstName, LastName, PhoneNumber, Street, Suburb, City, Postcode, Age, Gender) values (39, 'Raffaello', 'Clausner', '8068791334', '41552 Mcguire Lane', 'Texas', 'Amarillo', '79159', 22, 'Male');
insert into ArcherTable (ArcherID, FirstName, LastName, PhoneNumber, Street, Suburb, City, Postcode, Age, Gender) values (40, 'Rodolfo', 'Whitney', '3044144841', '5728 Bunker Hill Place', 'West Virginia', 'Charleston', '25331', 49, 'Male');
insert into ArcherTable (ArcherID, FirstName, LastName, PhoneNumber, Street, Suburb, City, Postcode, Age, Gender) values (41, 'Giulio', 'Saben', '3609280913', '41456 American Ash Street', 'Washington', 'Vancouver', '98687', 69, 'Male');
insert into ArcherTable (ArcherID, FirstName, LastName, PhoneNumber, Street, Suburb, City, Postcode, Age, Gender) values (42, 'Lee', 'Astbury', '3135805986', '7848 Del Sol Circle', 'Michigan', 'Detroit', '48232', 53, 'Male');
insert into ArcherTable (ArcherID, FirstName, LastName, PhoneNumber, Street, Suburb, City, Postcode, Age, Gender) values (43, 'Irvine', 'Kofax', '7138858107', '25095 Lyons Alley', 'Texas', 'Houston', '77212', 45, 'Male');
insert into ArcherTable (ArcherID, FirstName, LastName, PhoneNumber, Street, Suburb, City, Postcode, Age, Gender) values (44, 'Nikki', 'Lavell', '9402263502', '79940 David Road', 'Texas', 'Wichita Falls', '76310', 36, 'Male');
insert into ArcherTable (ArcherID, FirstName, LastName, PhoneNumber, Street, Suburb, City, Postcode, Age, Gender) values (45, 'Therese', 'Backhouse', '6463950639', '4 Gulseth Street', 'New York', 'New York City', '10165', 70, 'Female');
insert into ArcherTable (ArcherID, FirstName, LastName, PhoneNumber, Street, Suburb, City, Postcode, Age, Gender) values (46, 'Forrest', 'Messitt', '6619505663', '27123 Morningstar Lane', 'California', 'Bakersfield', '93381', 53, 'Male');
insert into ArcherTable (ArcherID, FirstName, LastName, PhoneNumber, Street, Suburb, City, Postcode, Age, Gender) values (47, 'Malory', 'Stut', '4044890742', '863 Jackson Parkway', 'Georgia', 'Atlanta', '31106', 85, 'Female');
insert into ArcherTable (ArcherID, FirstName, LastName, PhoneNumber, Street, Suburb, City, Postcode, Age, Gender) values (48, 'Osborn', 'Matejic', '7132811314', '8334 Debra Pass', 'Texas', 'Houston', '77223', 90, 'Agender');
insert into ArcherTable (ArcherID, FirstName, LastName, PhoneNumber, Street, Suburb, City, Postcode, Age, Gender) values (49, 'Trix', 'Harhoff', '7021765878', '2 Jenifer Alley', 'Nevada', 'Las Vegas', '89125', 54, 'Female');
insert into ArcherTable (ArcherID, FirstName, LastName, PhoneNumber, Street, Suburb, City, Postcode, Age, Gender) values (50, 'Charlene', 'Elizabeth', '9173186589', '7961 Birchwood Street', 'New York', 'Brooklyn', '11236', 34, 'Female');
insert into ArcherTable (ArcherID, FirstName, LastName, PhoneNumber, Street, Suburb, City, Postcode, Age, Gender) values (51, 'Kirbee', 'Rippon', '3136670862', '716 Surrey Court', 'Michigan', 'Southfield', '48076', 32, 'Female');
insert into ArcherTable (ArcherID, FirstName, LastName, PhoneNumber, Street, Suburb, City, Postcode, Age, Gender) values (52, 'Nari', 'Twigley', '4046288304', '7 Walton Point', 'Georgia', 'Atlanta', '30375', 43, 'Female');
insert into ArcherTable (ArcherID, FirstName, LastName, PhoneNumber, Street, Suburb, City, Postcode, Age, Gender) values (53, 'Gunner', 'Sowter', '2603498883', '828 Crowley Junction', 'Indiana', 'Fort Wayne', '46867', 10, 'Male');
insert into ArcherTable (ArcherID, FirstName, LastName, PhoneNumber, Street, Suburb, City, Postcode, Age, Gender) values (54, 'Wilt', 'Kleanthous', '4253074425', '8897 Del Mar Street', 'Washington', 'Kent', '98042', 17, 'Male');
insert into ArcherTable (ArcherID, FirstName, LastName, PhoneNumber, Street, Suburb, City, Postcode, Age, Gender) values (55, 'Benyamin', 'Windress', '8163964181', '29 Sycamore Lane', 'Missouri', 'Kansas City', '64144', 25, 'Male');
insert into ArcherTable (ArcherID, FirstName, LastName, PhoneNumber, Street, Suburb, City, Postcode, Age, Gender) values (56, 'Edgar', 'Widdison', '4059650906', '87 Thackeray Road', 'Oklahoma', 'Oklahoma City', '73114', 73, 'Male');
insert into ArcherTable (ArcherID, FirstName, LastName, PhoneNumber, Street, Suburb, City, Postcode, Age, Gender) values (57, 'Reamonn', 'Plunket', '7188197409', '18931 Morningstar Way', 'New York', 'New York City', '10014', 82, 'Male');
insert into ArcherTable (ArcherID, FirstName, LastName, PhoneNumber, Street, Suburb, City, Postcode, Age, Gender) values (58, 'Kayla', 'Brawn', '2036772136', '3 Summerview Center', 'Connecticut', 'New Haven', '06533', 82, 'Female');
insert into ArcherTable (ArcherID, FirstName, LastName, PhoneNumber, Street, Suburb, City, Postcode, Age, Gender) values (59, 'Candra', 'Pickerill', '7207073217', '20174 Jay Street', 'Colorado', 'Arvada', '80005', 54, 'Female');
insert into ArcherTable (ArcherID, FirstName, LastName, PhoneNumber, Street, Suburb, City, Postcode, Age, Gender) values (60, 'Roanne', 'McIlherran', '2517441327', '7049 Derek Center', 'Alabama', 'Mobile', '36689', 43, 'Female');
insert into ArcherTable (ArcherID, FirstName, LastName, PhoneNumber, Street, Suburb, City, Postcode, Age, Gender) values (61, 'Arturo', 'Ward', '6129579352', '523 Fremont Pass', 'Minnesota', 'Minneapolis', '55480', 62, 'Male');
insert into ArcherTable (ArcherID, FirstName, LastName, PhoneNumber, Street, Suburb, City, Postcode, Age, Gender) values (62, 'Kirk', 'Portlock', '8064984805', '19825 Porter Parkway', 'Texas', 'Amarillo', '79118', 73, 'Non-binary');
insert into ArcherTable (ArcherID, FirstName, LastName, PhoneNumber, Street, Suburb, City, Postcode, Age, Gender) values (63, 'Drona', 'Krauss', '8067778375', '059 Eagan Place', 'Texas', 'Amarillo', '79182', 15, 'Female');
insert into ArcherTable (ArcherID, FirstName, LastName, PhoneNumber, Street, Suburb, City, Postcode, Age, Gender) values (64, 'Chrotoem', 'Crosfeld', '2125731301', '18654 Prairieview Way', 'New York', 'New York City', '10090', 27, 'Male');
insert into ArcherTable (ArcherID, FirstName, LastName, PhoneNumber, Street, Suburb, City, Postcode, Age, Gender) values (65, 'Gusta', 'Tzarkov', '4698556753', '4434 Cottonwood Avenue', 'Texas', 'Dallas', '75205', 75, 'Female');
insert into ArcherTable (ArcherID, FirstName, LastName, PhoneNumber, Street, Suburb, City, Postcode, Age, Gender) values (66, 'Maisey', 'Tysall', '5139759030', '967 Haas Place', 'Ohio', 'Cincinnati', '45233', 14, 'Female');
insert into ArcherTable (ArcherID, FirstName, LastName, PhoneNumber, Street, Suburb, City, Postcode, Age, Gender) values (67, 'Darrin', 'Chainey', '8502092825', '9 Eliot Trail', 'Florida', 'Tallahassee', '32314', 17, 'Bigender');
insert into ArcherTable (ArcherID, FirstName, LastName, PhoneNumber, Street, Suburb, City, Postcode, Age, Gender) values (68, 'Freddi', 'Fearenside', '6508582548', '61643 Summerview Junction', 'California', 'Redwood City', '94064', 62, 'Female');
insert into ArcherTable (ArcherID, FirstName, LastName, PhoneNumber, Street, Suburb, City, Postcode, Age, Gender) values (69, 'Devland', 'Munroe', '2158139575', '6306 Forest Avenue', 'Pennsylvania', 'Philadelphia', '19141', 32, 'Male');
insert into ArcherTable (ArcherID, FirstName, LastName, PhoneNumber, Street, Suburb, City, Postcode, Age, Gender) values (70, 'Dietrich', 'Erridge', '7544021102', '04914 Waubesa Alley', 'Florida', 'Pompano Beach', '33075', 41, 'Non-binary');
insert into ArcherTable (ArcherID, FirstName, LastName, PhoneNumber, Street, Suburb, City, Postcode, Age, Gender) values (71, 'Frederigo', 'Sibbald', '4809075726', '5 Drewry Court', 'Arizona', 'Phoenix', '85040', 31, 'Male');
insert into ArcherTable (ArcherID, FirstName, LastName, PhoneNumber, Street, Suburb, City, Postcode, Age, Gender) values (72, 'Tillie', 'Francello', '2137127759', '647 Acker Terrace', 'California', 'Los Angeles', '90055', 65, 'Female');
insert into ArcherTable (ArcherID, FirstName, LastName, PhoneNumber, Street, Suburb, City, Postcode, Age, Gender) values (73, 'Berny', 'Cudiff', '2601440987', '2 Eggendart Way', 'Indiana', 'Fort Wayne', '46857', 38, 'Male');
insert into ArcherTable (ArcherID, FirstName, LastName, PhoneNumber, Street, Suburb, City, Postcode, Age, Gender) values (74, 'Matthaeus', 'Bittlestone', '5626330569', '4 Cottonwood Alley', 'California', 'Long Beach', '90840', 27, 'Male');
insert into ArcherTable (ArcherID, FirstName, LastName, PhoneNumber, Street, Suburb, City, Postcode, Age, Gender) values (75, 'Roddy', 'Manueli', '4023940379', '9467 Rieder Circle', 'Nebraska', 'Omaha', '68105', 62, 'Agender');
insert into ArcherTable (ArcherID, FirstName, LastName, PhoneNumber, Street, Suburb, City, Postcode, Age, Gender) values (76, 'Darrelle', 'Draisey', '8473352152', '339 Forest Run Place', 'Illinois', 'Evanston', '60208', 85, 'Female');
insert into ArcherTable (ArcherID, FirstName, LastName, PhoneNumber, Street, Suburb, City, Postcode, Age, Gender) values (77, 'Maribelle', 'Schonfeld', '9152791493', '04 Lyons Circle', 'Texas', 'El Paso', '79928', 43, 'Female');
insert into ArcherTable (ArcherID, FirstName, LastName, PhoneNumber, Street, Suburb, City, Postcode, Age, Gender) values (78, 'Darb', 'Sangra', '9044357056', '32 Reindahl Terrace', 'Florida', 'Jacksonville', '32230', 25, 'Genderqueer');
insert into ArcherTable (ArcherID, FirstName, LastName, PhoneNumber, Street, Suburb, City, Postcode, Age, Gender) values (79, 'Zacharia', 'Bamsey', '3524896165', '37 Holmberg Court', 'Florida', 'Ocala', '34474', 28, 'Male');
insert into ArcherTable (ArcherID, FirstName, LastName, PhoneNumber, Street, Suburb, City, Postcode, Age, Gender) values (80, 'Sloan', 'Caukill', '6019115829', '3 Muir Alley', 'Mississippi', 'Jackson', '39296', 29, 'Male');
insert into ArcherTable (ArcherID, FirstName, LastName, PhoneNumber, Street, Suburb, City, Postcode, Age, Gender) values (81, 'Kenon', 'Brettell', '4064221550', '05 Elka Pass', 'Montana', 'Bozeman', '59771', 12, 'Male');
insert into ArcherTable (ArcherID, FirstName, LastName, PhoneNumber, Street, Suburb, City, Postcode, Age, Gender) values (82, 'Abraham', 'Crouch', '7174541999', '8142 New Castle Circle', 'Pennsylvania', 'York', '17405', 68, 'Male');
insert into ArcherTable (ArcherID, FirstName, LastName, PhoneNumber, Street, Suburb, City, Postcode, Age, Gender) values (83, 'Charlot', 'Eddie', '5121664034', '29527 Sommers Plaza', 'Texas', 'Austin', '78764', 45, 'Polygender');
insert into ArcherTable (ArcherID, FirstName, LastName, PhoneNumber, Street, Suburb, City, Postcode, Age, Gender) values (84, 'Nicolette', 'Teasey', '7867481244', '3138 Dovetail Point', 'Florida', 'Miami', '33142', 45, 'Female');
insert into ArcherTable (ArcherID, FirstName, LastName, PhoneNumber, Street, Suburb, City, Postcode, Age, Gender) values (85, 'Abraham', 'Raikes', '5026788041', '57829 Debs Court', 'Kentucky', 'Louisville', '40256', 88, 'Genderfluid');
insert into ArcherTable (ArcherID, FirstName, LastName, PhoneNumber, Street, Suburb, City, Postcode, Age, Gender) values (86, 'Elinore', 'Presidey', '9019818357', '3 Pawling Lane', 'Tennessee', 'Memphis', '38188', 54, 'Female');
insert into ArcherTable (ArcherID, FirstName, LastName, PhoneNumber, Street, Suburb, City, Postcode, Age, Gender) values (87, 'Kinna', 'Conen', '9379070172', '1373 Forster Way', 'Ohio', 'Hamilton', '45020', 78, 'Female');
insert into ArcherTable (ArcherID, FirstName, LastName, PhoneNumber, Street, Suburb, City, Postcode, Age, Gender) values (88, 'Elissa', 'Buzzing', '3096561195', '6 Mallory Hill', 'Illinois', 'Peoria', '61614', 57, 'Female');
insert into ArcherTable (ArcherID, FirstName, LastName, PhoneNumber, Street, Suburb, City, Postcode, Age, Gender) values (89, 'Sayer', 'Jaquest', '8149723660', '58301 Sheridan Avenue', 'Pennsylvania', 'Johnstown', '15906', 88, 'Male');
insert into ArcherTable (ArcherID, FirstName, LastName, PhoneNumber, Street, Suburb, City, Postcode, Age, Gender) values (90, 'Inigo', 'Weedon', '4075162394', '185 Hanson Drive', 'Florida', 'Orlando', '32891', 45, 'Male');
insert into ArcherTable (ArcherID, FirstName, LastName, PhoneNumber, Street, Suburb, City, Postcode, Age, Gender) values (91, 'Page', 'Chesney', '5189509706', '94 Merrick Court', 'New York', 'Albany', '12242', 79, 'Male');
insert into ArcherTable (ArcherID, FirstName, LastName, PhoneNumber, Street, Suburb, City, Postcode, Age, Gender) values (92, 'Gnni', 'Ingleston', '3616772358', '6 Hagan Court', 'Texas', 'Corpus Christi', '78410', 70, 'Female');
insert into ArcherTable (ArcherID, FirstName, LastName, PhoneNumber, Street, Suburb, City, Postcode, Age, Gender) values (93, 'Benson', 'Borthwick', '6026692264', '56 Oak Valley Terrace', 'Arizona', 'Phoenix', '85083', 56, 'Non-binary');
insert into ArcherTable (ArcherID, FirstName, LastName, PhoneNumber, Street, Suburb, City, Postcode, Age, Gender) values (94, 'Dionisio', 'Aslam', '2028918416', '559 Northfield Circle', 'District of Columbia', 'Washington', '20414', 36, 'Male');
insert into ArcherTable (ArcherID, FirstName, LastName, PhoneNumber, Street, Suburb, City, Postcode, Age, Gender) values (95, 'Piggy', 'Clipsham', '7165087750', '63493 Ridge Oak Road', 'New York', 'Buffalo', '14269', 45, 'Male');
insert into ArcherTable (ArcherID, FirstName, LastName, PhoneNumber, Street, Suburb, City, Postcode, Age, Gender) values (96, 'Myra', 'Danielczyk', '5136309969', '2 Tennyson Lane', 'Ohio', 'Cincinnati', '45228', 90, 'Female');
insert into ArcherTable (ArcherID, FirstName, LastName, PhoneNumber, Street, Suburb, City, Postcode, Age, Gender) values (97, 'Jason', 'Cuffe', '7139421424', '713 Cascade Pass', 'Texas', 'Houston', '77015', 39, 'Male');
insert into ArcherTable (ArcherID, FirstName, LastName, PhoneNumber, Street, Suburb, City, Postcode, Age, Gender) values (98, 'Quent', 'Rubrow', '7278405041', '2132 Morrow Alley', 'Florida', 'Saint Petersburg', '33742', 74, 'Male');
insert into ArcherTable (ArcherID, FirstName, LastName, PhoneNumber, Street, Suburb, City, Postcode, Age, Gender) values (99, 'Carmon', 'Hansmann', '2099124209', '3 Dorton Point', 'California', 'Modesto', '95397', 14, 'Female');
insert into ArcherTable (ArcherID, FirstName, LastName, PhoneNumber, Street, Suburb, City, Postcode, Age, Gender) values (100, 'Stanwood', 'Woolley', '6053623861', '7243 Summerview Terrace', 'South Dakota', 'Sioux Falls', '57110', 50, 'Male');

-- Inserting data into ClubScorerTable
INSERT INTO ClubScorerTable (ClubScorerID, FirstName, LastName, PhoneNumber, Street, Surburb, City, Postcode, Age, Gender)
VALUES
(1, 'Alice', 'Johnson', '0987654321', '789 Bowstring Ave', 'Arrowood', 'Bullseye City', '9101', 35, 'Female'),
(2, 'Bob', 'Williams', NULL, NULL, NULL, NULL, NULL, NULL, NULL);

INSERT INTO DivisionTable (DivisionID, Gender, Age, Recurve, Compound, RecurveBarebow, CompoundBarebow, Longbow)
VALUES
(1, 'Female', NULL, 1, 1, 0, 0, 0), -- Female Open
(2, 'Male', NULL, 1, 1, 1, 1, 1), -- Male Open
(3, 'Female', 50, 1, 0, 0, 1, 0), -- Female 50+
(4, 'Male', 50, 1, 0, 0, 0, 1), -- Male 50+
(5, 'Female', 60, 0, 0, 0, 1, 1), -- Female 60+
(6, 'Male', 60, 0, 0, 0, 0, 1), -- Male 60+
(7, 'Female', 70, 1, 0, 0, 1, 1), -- Female 70+
(8, 'Male', 70, 1, 0, 1, 0, 0), -- Male 70+
(9, 'Female', 21, 0, 0, 0, 1, 1), -- Under 21 Female
(10, 'Male', 21, 0, 1, 0, 1, 1), -- Under 21 Male
(11, 'Female', 18, 0, 1, 1, 0, 0), -- Under 18 Female
(12, 'Male', 18, 1, 0, 0, 0, 1), -- Under 18 Male
(13, 'Female', 16, 0, 0, 0, 0, 1), -- Under 16 Female
(14, 'Male', 16, 1, 0, 0, 0, 1), -- Under 16 Male
(15, 'Female', 14, 0, 1, 0, 1, 1), -- Under 14 Female
(16, 'Male', 14, 0, 0, 0, 1, 1); -- Under 14 Male

-- Inserting data into CompetitionTable
INSERT INTO CompetitionTable (CompetitionID, DivisionID, ArcherID, startDate, startTime)
VALUES
(1, 1, 1, '2024-04-29', '08:00:00'),
(2, 2, 2, '2024-04-30', NULL);

-- Inserting data into ScoreTable
INSERT INTO ScoreTable (ScoreID, ArcherID, CompetitionID, TotalScore)
VALUES
(1, 1, 1, 250),
(2, 2, 2, NULL);

-- Inserting data into RoundTable
INSERT INTO RoundTable (RoundID, CompetitionID, ScoreID, TargetDistance, ArrowAmount)
VALUES
(1, 1, 1, 50, 6),
(2, 2, 2, 70, NULL);

-- Inserting data into ArrowTable
INSERT INTO ArrowTable (ArrowID, ArcherID, RoundID, Arrow1, Arrow2, Arrow3, Arrow4, Arrow5, Arrow6)
VALUES
(1, 1, 1, 9, 7, 5, 10, 8, NULL),
(2, 2, 2, 8, 9, NULL, NULL, 6, 5);
